train_period,val_period,date,exit_date,r_long,r_hat,delta_long,delta_short,signal,signal_num,entry_date
2023-01 -> 2023-03,2023-04,2023-04-03,2023-04-13,-0.1499999999999998,-0.11369856551052838,0.2123364588825427,0.008493458355301709,short,-1,2023-04-03
2023-01 -> 2023-03,2023-04,2023-04-03,2023-04-13,-0.187214611872146,-0.013605384454734965,0.2123364588825427,0.008493458355301709,short,-1,2023-04-03
2023-01 -> 2023-03,2023-04,2023-04-03,2023-04-13,-0.1068883610451306,-0.13407744678359657,0.2123364588825427,0.008493458355301709,short,-1,2023-04-03
2023-01 -> 2023-03,2023-04,2023-04-03,2023-04-13,-0.1469026548672566,-0.10628863968412013,0.2123364588825427,0.008493458355301709,short,-1,2023-04-03
2023-01 -> 2023-03,2023-04,2023-04-04,2023-04-14,-0.1977272727272727,-0.05362591649200448,0.2123364588825427,0.008493458355301709,short,-1,2023-04-04
2023-01 -> 2023-03,2023-04,2023-04-04,2023-04-14,-0.2653061224489795,-0.1276722092344074,0.2123364588825427,0.008493458355301709,short,-1,2023-04-04
2023-01 -> 2023-03,2023-04,2023-04-04,2023-04-14,0.667364016736402,-0.027112965943981444,0.2123364588825427,0.008493458355301709,short,-1,2023-04-04
2023-01 -> 2023-03,2023-04,2023-04-04,2023-04-14,-0.0344262295081966,-0.09687529304189202,0.2123364588825427,0.008493458355301709,short,-1,2023-04-04
2023-01 -> 2023-03,2023-04,2023-04-04,2023-04-14,0.034090909090909,-0.05830037220636346,0.2123364588825427,0.008493458355301709,short,-1,2023-04-04
2023-01 -> 2023-03,2023-04,2023-04-04,2023-04-14,-0.1953612845673505,-0.05435180756969982,0.2123364588825427,0.008493458355301709,short,-1,2023-04-04
2023-01 -> 2023-03,2023-04,2023-04-05,2023-04-17,0.6523605150214592,-0.08086360565507217,0.2123364588825427,0.008493458355301709,short,-1,2023-04-05
2023-01 -> 2023-03,2023-04,2023-04-05,2023-04-17,-0.0912408759124086,-0.17273791080969983,0.2123364588825427,0.008493458355301709,short,-1,2023-04-05
2023-01 -> 2023-03,2023-04,2023-04-05,2023-04-17,-0.2811355311355311,-0.034390557670914895,0.2123364588825427,0.008493458355301709,short,-1,2023-04-05
2023-01 -> 2023-03,2023-04,2023-04-05,2023-04-17,-0.0361990950226244,-0.14986337008247946,0.2123364588825427,0.008493458355301709,short,-1,2023-04-05
2023-01 -> 2023-03,2023-04,2023-04-05,2023-04-17,-0.150259067357513,-0.021685693550638166,0.2123364588825427,0.008493458355301709,short,-1,2023-04-05
2023-01 -> 2023-03,2023-04,2023-04-05,2023-04-17,-0.2056074766355139,-0.06525411584640832,0.2123364588825427,0.008493458355301709,short,-1,2023-04-05
2023-01 -> 2023-03,2023-04,2023-04-06,2023-04-18,-0.1415549597855228,-0.0555338491257888,0.2123364588825427,0.008493458355301709,short,-1,2023-04-06
2023-01 -> 2023-03,2023-04,2023-04-06,2023-04-18,-0.0210526315789473,0.2283033570359344,0.2123364588825427,0.008493458355301709,long,1,2023-04-06
2023-01 -> 2023-03,2023-04,2023-04-06,2023-04-18,-0.2113502935420743,-0.09257300919780594,0.2123364588825427,0.008493458355301709,short,-1,2023-04-06
2023-01 -> 2023-03,2023-04,2023-04-06,2023-04-18,-0.2038461538461537,-0.19327085638237243,0.2123364588825427,0.008493458355301709,short,-1,2023-04-06
2023-01 -> 2023-03,2023-04,2023-04-06,2023-04-18,0.8744075829383889,-0.09083867635109155,0.2123364588825427,0.008493458355301709,short,-1,2023-04-06
2023-01 -> 2023-03,2023-04,2023-04-06,2023-04-18,-0.1903614457831326,-0.2371665308050058,0.2123364588825427,0.008493458355301709,short,-1,2023-04-06
2023-01 -> 2023-03,2023-04,2023-04-10,2023-04-19,-0.0675555555555555,-0.045709821551622024,0.2123364588825427,0.008493458355301709,short,-1,2023-04-10
2023-01 -> 2023-03,2023-04,2023-04-10,2023-04-19,-0.2062937062937063,-0.06457616351127254,0.2123364588825427,0.008493458355301709,short,-1,2023-04-10
2023-01 -> 2023-03,2023-04,2023-04-11,2023-04-20,-0.0660287081339712,-0.06291417524234687,0.2123364588825427,0.008493458355301709,short,-1,2023-04-11
2023-01 -> 2023-03,2023-04,2023-04-11,2023-04-20,0.0013452914798205,-0.05917478545145899,0.2123364588825427,0.008493458355301709,short,-1,2023-04-11
2023-01 -> 2023-03,2023-04,2023-04-11,2023-04-20,0.0774410774410775,-0.1594172022154975,0.2123364588825427,0.008493458355301709,short,-1,2023-04-11
2023-01 -> 2023-03,2023-04,2023-04-11,2023-04-20,-0.0990099009900991,0.2483924574701879,0.2123364588825427,0.008493458355301709,long,1,2023-04-11
2023-01 -> 2023-03,2023-04,2023-04-11,2023-04-20,-0.1914191419141914,-0.21590690796375503,0.2123364588825427,0.008493458355301709,short,-1,2023-04-11
2023-01 -> 2023-03,2023-04,2023-04-12,2023-04-21,-0.0454756380510439,-0.05580527817881818,0.2123364588825427,0.008493458355301709,short,-1,2023-04-12
2023-01 -> 2023-03,2023-04,2023-04-12,2023-04-21,-0.0636942675159236,-0.04040588129684498,0.2123364588825427,0.008493458355301709,short,-1,2023-04-12
2023-01 -> 2023-03,2023-04,2023-04-12,2023-04-21,-0.176923076923077,-0.04783219865246582,0.2123364588825427,0.008493458355301709,short,-1,2023-04-12
2023-01 -> 2023-03,2023-04,2023-04-12,2023-04-21,-0.2590693257359924,-0.06560835413545499,0.2123364588825427,0.008493458355301709,short,-1,2023-04-12
2023-01 -> 2023-03,2023-04,2023-04-13,2023-04-24,-0.1666666666666667,-0.10092751424290568,0.2123364588825427,0.008493458355301709,short,-1,2023-04-13
2023-01 -> 2023-03,2023-04,2023-04-13,2023-04-24,-0.1604819277108433,0.24949064164565135,0.2123364588825427,0.008493458355301709,long,1,2023-04-13
2023-01 -> 2023-03,2023-04,2023-04-13,2023-04-24,-0.099866844207723,-0.14911284208044456,0.2123364588825427,0.008493458355301709,short,-1,2023-04-13
2023-01 -> 2023-03,2023-04,2023-04-14,2023-04-25,-0.1047619047619048,-0.11535780934080221,0.2123364588825427,0.008493458355301709,short,-1,2023-04-14
2023-01 -> 2023-03,2023-04,2023-04-14,2023-04-25,0.3295880149812734,-0.12457823607506308,0.2123364588825427,0.008493458355301709,short,-1,2023-04-14
2023-01 -> 2023-03,2023-04,2023-04-14,2023-04-25,0.3927492447129914,-0.1868380667741138,0.2123364588825427,0.008493458355301709,short,-1,2023-04-14
2023-01 -> 2023-03,2023-04,2023-04-14,2023-04-25,-0.0485933503836316,-0.06959358585911973,0.2123364588825427,0.008493458355301709,short,-1,2023-04-14
2023-01 -> 2023-03,2023-04,2023-04-14,2023-04-25,0.0035714285714285,-0.09446074805239109,0.2123364588825427,0.008493458355301709,short,-1,2023-04-14
2023-01 -> 2023-03,2023-04,2023-04-14,2023-04-25,-0.008974358974359,-0.13969361101466227,0.2123364588825427,0.008493458355301709,short,-1,2023-04-14
2023-01 -> 2023-03,2023-04,2023-04-14,2023-04-25,-0.0178378378378377,-0.13117724700325137,0.2123364588825427,0.008493458355301709,short,-1,2023-04-14
2023-01 -> 2023-03,2023-04,2023-04-14,2023-04-25,-0.0837696335078534,-0.11102203835438107,0.2123364588825427,0.008493458355301709,short,-1,2023-04-14
2023-01 -> 2023-03,2023-04,2023-04-14,2023-04-25,-0.3487241798298907,-0.056969891909829894,0.2123364588825427,0.008493458355301709,short,-1,2023-04-14
2023-01 -> 2023-03,2023-04,2023-04-14,2023-04-25,0.2517123287671234,-0.04465551102807881,0.2123364588825427,0.008493458355301709,short,-1,2023-04-14
2023-01 -> 2023-03,2023-04,2023-04-14,2023-04-25,-0.0862944162436547,-0.08247145581125401,0.2123364588825427,0.008493458355301709,short,-1,2023-04-14
2023-01 -> 2023-03,2023-04,2023-04-14,2023-04-25,-0.0687203791469195,-0.13363803848880987,0.2123364588825427,0.008493458355301709,short,-1,2023-04-14
2023-01 -> 2023-03,2023-04,2023-04-14,2023-04-25,0.0947368421052631,-0.08681844940877041,0.2123364588825427,0.008493458355301709,short,-1,2023-04-14
2023-01 -> 2023-03,2023-04,2023-04-14,2023-04-25,0.3187192118226603,-0.14524304043478606,0.2123364588825427,0.008493458355301709,short,-1,2023-04-14
2023-01 -> 2023-03,2023-04,2023-04-14,2023-04-25,-0.0226628895184137,-0.1272750380688075,0.2123364588825427,0.008493458355301709,short,-1,2023-04-14
2023-01 -> 2023-03,2023-04,2023-04-14,2023-04-25,0.0365503080082137,-0.02827404210129954,0.2123364588825427,0.008493458355301709,short,-1,2023-04-14
2023-01 -> 2023-03,2023-04,2023-04-14,2023-04-25,-0.0073550212164072,-0.21784857258891582,0.2123364588825427,0.008493458355301709,short,-1,2023-04-14
2023-01 -> 2023-03,2023-04,2023-04-14,2023-04-25,-0.207142857142857,-0.009761830557481048,0.2123364588825427,0.008493458355301709,short,-1,2023-04-14
2023-01 -> 2023-03,2023-04,2023-04-14,2023-04-25,-0.0639269406392693,0.41306640209353973,0.2123364588825427,0.008493458355301709,long,1,2023-04-14
2023-01 -> 2023-03,2023-04,2023-04-14,2023-04-25,-0.0358851674641148,-0.1347388151657119,0.2123364588825427,0.008493458355301709,short,-1,2023-04-14
2023-01 -> 2023-03,2023-04,2023-04-17,2023-04-26,-0.0547263681592039,-0.05572717084145282,0.2123364588825427,0.008493458355301709,short,-1,2023-04-17
2023-01 -> 2023-03,2023-04,2023-04-17,2023-04-26,0.004950495049505,-0.1499848057390695,0.2123364588825427,0.008493458355301709,short,-1,2023-04-17
2023-01 -> 2023-03,2023-04,2023-04-17,2023-04-26,-0.4096310193871168,0.25326370766169143,0.2123364588825427,0.008493458355301709,long,1,2023-04-17
2023-01 -> 2023-03,2023-04,2023-04-17,2023-04-26,0.3228070175438595,-0.11872529837717526,0.2123364588825427,0.008493458355301709,short,-1,2023-04-17
2023-01 -> 2023-03,2023-04,2023-04-17,2023-04-26,0.6038961038961037,-0.10800415675599387,0.2123364588825427,0.008493458355301709,short,-1,2023-04-17
2023-01 -> 2023-03,2023-04,2023-04-17,2023-04-26,-0.1424474187380496,0.24564358219858068,0.2123364588825427,0.008493458355301709,long,1,2023-04-17
2023-01 -> 2023-03,2023-04,2023-04-17,2023-04-26,0.1294294294294295,-0.0499361765942977,0.2123364588825427,0.008493458355301709,short,-1,2023-04-17
2023-01 -> 2023-03,2023-04,2023-04-17,2023-04-26,-0.095808383233533,-0.1794069400088076,0.2123364588825427,0.008493458355301709,short,-1,2023-04-17
2023-01 -> 2023-03,2023-04,2023-04-18,2023-04-27,-0.4601769911504424,0.30481454925405804,0.2123364588825427,0.008493458355301709,long,1,2023-04-18
2023-01 -> 2023-03,2023-04,2023-04-18,2023-04-27,-0.0502057613168725,0.2450544199456043,0.2123364588825427,0.008493458355301709,long,1,2023-04-18
2023-01 -> 2023-03,2023-04,2023-04-18,2023-04-27,-0.0623229461756374,-0.0695889806801347,0.2123364588825427,0.008493458355301709,short,-1,2023-04-18
2023-01 -> 2023-03,2023-04,2023-04-18,2023-04-27,0.2543535620052768,-0.16602191272259953,0.2123364588825427,0.008493458355301709,short,-1,2023-04-18
2023-01 -> 2023-03,2023-04,2023-04-18,2023-04-27,-0.2210526315789474,-0.02702112660664596,0.2123364588825427,0.008493458355301709,short,-1,2023-04-18
2023-01 -> 2023-03,2023-04,2023-04-18,2023-04-27,0.0799188640973628,0.25180866226714493,0.2123364588825427,0.008493458355301709,long,1,2023-04-18
2023-01 -> 2023-03,2023-04,2023-04-18,2023-04-27,0.1161048689138578,-0.040255845591289814,0.2123364588825427,0.008493458355301709,short,-1,2023-04-18
2023-01 -> 2023-03,2023-04,2023-04-18,2023-04-27,-0.1145038167938932,0.2455112123982966,0.2123364588825427,0.008493458355301709,long,1,2023-04-18
2023-01 -> 2023-03,2023-04,2023-04-18,2023-04-27,0.143824027072758,0.31041886251525375,0.2123364588825427,0.008493458355301709,long,1,2023-04-18
2023-01 -> 2023-03,2023-04,2023-04-18,2023-04-27,0.3247863247863249,0.2335556863327482,0.2123364588825427,0.008493458355301709,long,1,2023-04-18
2023-01 -> 2023-03,2023-04,2023-04-19,2023-04-28,-0.1327731092436973,-0.1273499817838892,0.2123364588825427,0.008493458355301709,short,-1,2023-04-19
2023-01 -> 2023-03,2023-04,2023-04-19,2023-04-28,-0.3517587939698492,-0.04028417158275758,0.2123364588825427,0.008493458355301709,short,-1,2023-04-19
2023-01 -> 2023-03,2023-04,2023-04-19,2023-04-28,-0.1818181818181817,-0.02345510629707281,0.2123364588825427,0.008493458355301709,short,-1,2023-04-19
2023-01 -> 2023-03,2023-04,2023-04-19,2023-04-28,0.2951289398280803,-0.06380400206171355,0.2123364588825427,0.008493458355301709,short,-1,2023-04-19
2023-01 -> 2023-03,2023-04,2023-04-19,2023-04-28,0.1557377049180328,-0.037888134163999374,0.2123364588825427,0.008493458355301709,short,-1,2023-04-19
2023-01 -> 2023-03,2023-04,2023-04-19,2023-04-28,-0.184313725490196,0.27773563776922505,0.2123364588825427,0.008493458355301709,long,1,2023-04-19
2023-01 -> 2023-03,2023-04,2023-04-19,2023-04-28,0.1454356846473027,0.24321975506307847,0.2123364588825427,0.008493458355301709,long,1,2023-04-19
2023-01 -> 2023-03,2023-04,2023-04-20,2023-05-01,0.2571041948579161,-0.17129333729065016,0.2123364588825427,0.008493458355301709,short,-1,2023-04-20
2023-01 -> 2023-03,2023-04,2023-04-20,2023-05-01,-0.391919191919192,-0.1516872546013352,0.2123364588825427,0.008493458355301709,short,-1,2023-04-20
2023-01 -> 2023-03,2023-04,2023-04-20,2023-05-01,-0.083116883116883,0.25761046238115637,0.2123364588825427,0.008493458355301709,long,1,2023-04-20
2023-01 -> 2023-03,2023-04,2023-04-20,2023-05-01,-0.1536231884057971,-0.1574499622781851,0.2123364588825427,0.008493458355301709,short,-1,2023-04-20
2023-01 -> 2023-03,2023-04,2023-04-20,2023-05-01,-0.1014245014245013,-0.08770129255725037,0.2123364588825427,0.008493458355301709,short,-1,2023-04-20
2023-01 -> 2023-03,2023-04,2023-04-20,2023-05-01,-0.0689165186500888,-0.0777101200997001,0.2123364588825427,0.008493458355301709,short,-1,2023-04-20
2023-01 -> 2023-03,2023-04,2023-04-20,2023-05-01,-0.1461675579322638,-0.02566203888850203,0.2123364588825427,0.008493458355301709,short,-1,2023-04-20
2023-01 -> 2023-03,2023-04,2023-04-21,2023-05-02,-0.0680786686838123,-0.13206283264101132,0.2123364588825427,0.008493458355301709,short,-1,2023-04-21
2023-01 -> 2023-03,2023-04,2023-04-21,2023-05-02,-0.1897289586305279,-0.19357048086851547,0.2123364588825427,0.008493458355301709,short,-1,2023-04-21
2023-01 -> 2023-03,2023-04,2023-04-21,2023-05-02,-0.0031250000000001,-0.08497108813241706,0.2123364588825427,0.008493458355301709,short,-1,2023-04-21
2023-01 -> 2023-03,2023-04,2023-04-21,2023-05-02,-0.0104895104895105,-0.2024483651206856,0.2123364588825427,0.008493458355301709,short,-1,2023-04-21
2023-01 -> 2023-03,2023-04,2023-04-21,2023-05-02,-0.3400611620795108,-0.014407585573304982,0.2123364588825427,0.008493458355301709,short,-1,2023-04-21
2023-01 -> 2023-03,2023-04,2023-04-21,2023-05-02,0.0119904076738609,-0.03981134803662375,0.2123364588825427,0.008493458355301709,short,-1,2023-04-21
2023-01 -> 2023-03,2023-04,2023-04-21,2023-05-02,-0.0772357723577235,-0.09598309382341264,0.2123364588825427,0.008493458355301709,short,-1,2023-04-21
2023-01 -> 2023-03,2023-04,2023-04-21,2023-05-02,-0.3679417122040073,-0.07811062774891238,0.2123364588825427,0.008493458355301709,short,-1,2023-04-21
2023-01 -> 2023-03,2023-04,2023-04-21,2023-05-02,-0.0481060606060605,-0.11426484552560241,0.2123364588825427,0.008493458355301709,short,-1,2023-04-21
2023-01 -> 2023-03,2023-04,2023-04-21,2023-05-02,-0.1584905660377357,-0.04079380794271764,0.2123364588825427,0.008493458355301709,short,-1,2023-04-21
2023-01 -> 2023-03,2023-04,2023-04-21,2023-05-02,-0.1452282157676349,-0.17940270193421778,0.2123364588825427,0.008493458355301709,short,-1,2023-04-21
2023-01 -> 2023-03,2023-04,2023-04-21,2023-05-02,0.1919753086419753,-0.06988021661742723,0.2123364588825427,0.008493458355301709,short,-1,2023-04-21
2023-01 -> 2023-03,2023-04,2023-04-21,2023-05-02,0.2996005326231691,-0.01713485002813642,0.2123364588825427,0.008493458355301709,short,-1,2023-04-21
2023-01 -> 2023-03,2023-04,2023-04-21,2023-05-02,0.3455587392550144,-0.07350052443939106,0.2123364588825427,0.008493458355301709,short,-1,2023-04-21
2023-01 -> 2023-03,2023-04,2023-04-24,2023-05-03,-0.0732673267326732,-0.15585047227711016,0.2123364588825427,0.008493458355301709,short,-1,2023-04-24
2023-01 -> 2023-03,2023-04,2023-04-24,2023-05-03,0.452910052910053,-0.08633659017406844,0.2123364588825427,0.008493458355301709,short,-1,2023-04-24
2023-01 -> 2023-03,2023-04,2023-04-24,2023-05-03,-0.0369003690036899,-0.11935956466959095,0.2123364588825427,0.008493458355301709,short,-1,2023-04-24
2023-01 -> 2023-03,2023-04,2023-04-24,2023-05-03,-0.2352941176470589,-0.10797442786207198,0.2123364588825427,0.008493458355301709,short,-1,2023-04-24
2023-01 -> 2023-03,2023-04,2023-04-24,2023-05-03,-0.1274638633377134,-0.031112649699992674,0.2123364588825427,0.008493458355301709,short,-1,2023-04-24
2023-01 -> 2023-03,2023-04,2023-04-25,2023-05-04,-0.1991525423728812,-0.17043607021435367,0.2123364588825427,0.008493458355301709,short,-1,2023-04-25
2023-01 -> 2023-03,2023-04,2023-04-25,2023-05-04,-0.0186046511627906,-0.1324931416481722,0.2123364588825427,0.008493458355301709,short,-1,2023-04-25
2023-01 -> 2023-03,2023-04,2023-04-25,2023-05-04,-0.1384615384615384,0.2200093457336204,0.2123364588825427,0.008493458355301709,long,1,2023-04-25
2023-01 -> 2023-03,2023-04,2023-04-25,2023-05-04,-0.1839080459770115,-0.1837731054928947,0.2123364588825427,0.008493458355301709,short,-1,2023-04-25
2023-01 -> 2023-03,2023-04,2023-04-25,2023-05-04,-0.253448275862069,0.2124171886927727,0.2123364588825427,0.008493458355301709,long,1,2023-04-25
2023-01 -> 2023-03,2023-04,2023-04-25,2023-05-04,-1.6885521287074623e-16,-0.10317079926602901,0.2123364588825427,0.008493458355301709,short,-1,2023-04-25
2023-01 -> 2023-03,2023-04,2023-04-26,2023-05-05,-0.095617529880478,-0.06029805720751213,0.2123364588825427,0.008493458355301709,short,-1,2023-04-26
2023-01 -> 2023-03,2023-04,2023-04-26,2023-05-05,-0.1458699472759225,-0.1449484381475624,0.2123364588825427,0.008493458355301709,short,-1,2023-04-26
2023-01 -> 2023-03,2023-04,2023-04-26,2023-05-05,0.0342168674698795,-0.10713980092914127,0.2123364588825427,0.008493458355301709,short,-1,2023-04-26
2023-01 -> 2023-03,2023-04,2023-04-26,2023-05-05,-0.0721830985915493,-0.16989728203312043,0.2123364588825427,0.008493458355301709,short,-1,2023-04-26
2023-01 -> 2023-03,2023-04,2023-04-26,2023-05-05,0.0478203434610302,-0.03429761806859351,0.2123364588825427,0.008493458355301709,short,-1,2023-04-26
2023-01 -> 2023-03,2023-04,2023-04-26,2023-05-05,-0.0782608695652172,0.25918599583742225,0.2123364588825427,0.008493458355301709,long,1,2023-04-26
2023-01 -> 2023-03,2023-04,2023-04-26,2023-05-05,-0.1802575107296138,-0.02426238081052317,0.2123364588825427,0.008493458355301709,short,-1,2023-04-26
2023-01 -> 2023-03,2023-04,2023-04-26,2023-05-05,-0.1717314487632508,-0.11053971371361919,0.2123364588825427,0.008493458355301709,short,-1,2023-04-26
2023-01 -> 2023-03,2023-04,2023-04-26,2023-05-05,0.0370994940978078,-0.07579960272320099,0.2123364588825427,0.008493458355301709,short,-1,2023-04-26
2023-01 -> 2023-03,2023-04,2023-04-27,2023-05-08,0.1371681415929206,-0.09322831804517231,0.2123364588825427,0.008493458355301709,short,-1,2023-04-27
2023-01 -> 2023-03,2023-04,2023-04-27,2023-05-08,0.1467576791808874,-0.06211740146600674,0.2123364588825427,0.008493458355301709,short,-1,2023-04-27
2023-01 -> 2023-03,2023-04,2023-04-27,2023-05-08,0.0051063829787235,-0.1030971806234078,0.2123364588825427,0.008493458355301709,short,-1,2023-04-27
2023-01 -> 2023-03,2023-04,2023-04-27,2023-05-08,-0.229310344827586,-0.19763170456008106,0.2123364588825427,0.008493458355301709,short,-1,2023-04-27
2023-01 -> 2023-03,2023-04,2023-04-27,2023-05-08,-0.2227941176470589,-0.023622083877600127,0.2123364588825427,0.008493458355301709,short,-1,2023-04-27
2023-01 -> 2023-03,2023-04,2023-04-27,2023-05-08,-0.2289156626506025,-0.18585045884354187,0.2123364588825427,0.008493458355301709,short,-1,2023-04-27
2023-01 -> 2023-03,2023-04,2023-04-28,2023-05-09,-0.3041474654377881,0.2797425767192385,0.2123364588825427,0.008493458355301709,long,1,2023-04-28
2023-01 -> 2023-03,2023-04,2023-04-28,2023-05-09,-0.3134564643799472,-0.1279264794192737,0.2123364588825427,0.008493458355301709,short,-1,2023-04-28
2023-01 -> 2023-03,2023-04,2023-04-28,2023-05-09,-0.2606796116504855,-0.10562731257731175,0.2123364588825427,0.008493458355301709,short,-1,2023-04-28
2023-01 -> 2023-03,2023-04,2023-04-28,2023-05-09,-0.1538461538461537,-0.13303710368864166,0.2123364588825427,0.008493458355301709,short,-1,2023-04-28
2023-01 -> 2023-03,2023-04,2023-04-28,2023-05-09,-0.280701754385965,0.3662390989316743,0.2123364588825427,0.008493458355301709,long,1,2023-04-28
2023-01 -> 2023-03,2023-04,2023-04-28,2023-05-09,-0.116531165311653,-0.18683482988531014,0.2123364588825427,0.008493458355301709,short,-1,2023-04-28
2023-01 -> 2023-03,2023-04,2023-04-28,2023-05-09,-0.1878787878787878,-0.23240702299526625,0.2123364588825427,0.008493458355301709,short,-1,2023-04-28
2023-01 -> 2023-03,2023-04,2023-04-28,2023-05-09,-0.2034129692832766,-0.05769517122209438,0.2123364588825427,0.008493458355301709,short,-1,2023-04-28
2023-01 -> 2023-03,2023-04,2023-04-28,2023-05-09,-0.1937086092715231,-0.1869059448874994,0.2123364588825427,0.008493458355301709,short,-1,2023-04-28
2023-01 -> 2023-03,2023-04,2023-04-28,2023-05-09,-0.2132352941176469,-0.2766002355709278,0.2123364588825427,0.008493458355301709,short,-1,2023-04-28
2023-01 -> 2023-03,2023-04,2023-04-28,2023-05-09,-0.1429687500000001,-0.04044356518022289,0.2123364588825427,0.008493458355301709,short,-1,2023-04-28
2023-01 -> 2023-03,2023-04,2023-04-28,2023-05-09,-0.2291666666666667,-0.15077708046669744,0.2123364588825427,0.008493458355301709,short,-1,2023-04-28
2023-01 -> 2023-03,2023-04,2023-04-28,2023-05-09,-0.1684981684981684,-0.14841534871625894,0.2123364588825427,0.008493458355301709,short,-1,2023-04-28
2023-01 -> 2023-03,2023-04,2023-04-28,2023-05-09,-0.2985781990521328,-0.04635978806792791,0.2123364588825427,0.008493458355301709,short,-1,2023-04-28
2023-01 -> 2023-03,2023-04,2023-04-28,2023-05-09,-0.2576419213973799,-0.025510087638645387,0.2123364588825427,0.008493458355301709,short,-1,2023-04-28
2023-01 -> 2023-03,2023-04,2023-04-28,2023-05-09,0.0105949470252649,-0.1626257750987406,0.2123364588825427,0.008493458355301709,short,-1,2023-04-28
2023-01 -> 2023-03,2023-04,2023-04-28,2023-05-09,1.0,0.22078278211660346,0.2123364588825427,0.008493458355301709,long,1,2023-04-28
2023-01 -> 2023-03,2023-04,2023-04-28,2023-05-09,0.5361702127659577,-0.03487866694893661,0.2123364588825427,0.008493458355301709,short,-1,2023-04-28
2023-01 -> 2023-03,2023-04,2023-04-28,2023-05-09,-0.1607629427792915,-0.24685578238979683,0.2123364588825427,0.008493458355301709,short,-1,2023-04-28
2023-01 -> 2023-03,2023-04,2023-04-28,2023-05-09,-0.1585139318885448,-0.044763657305381725,0.2123364588825427,0.008493458355301709,short,-1,2023-04-28
2023-01 -> 2023-03,2023-04,2023-04-28,2023-05-09,0.0106856634016028,-0.04690881722422989,0.2123364588825427,0.008493458355301709,short,-1,2023-04-28
2023-01 -> 2023-03,2023-04,2023-04-28,2023-05-09,-0.0608465608465607,-0.07722496185251425,0.2123364588825427,0.008493458355301709,short,-1,2023-04-28
2023-01 -> 2023-04,2023-05,2023-05-01,2023-05-10,0.8370044052863436,0.1733357742145893,0.007808162170552942,0.21862854077548238,long,1,2023-05-01
2023-01 -> 2023-04,2023-05,2023-05-01,2023-05-10,-0.0368217054263564,0.24442909470247345,0.007808162170552942,0.21862854077548238,long,1,2023-05-01
2023-01 -> 2023-04,2023-05,2023-05-01,2023-05-10,-0.0617283950617283,0.012591073105086512,0.007808162170552942,0.21862854077548238,long,1,2023-05-01
2023-01 -> 2023-04,2023-05,2023-05-01,2023-05-10,-0.0578034682080925,0.14940659321469213,0.007808162170552942,0.21862854077548238,long,1,2023-05-01
2023-01 -> 2023-04,2023-05,2023-05-02,2023-05-11,-0.3568464730290457,-0.2475470094634851,0.007808162170552942,0.21862854077548238,short,-1,2023-05-02
2023-01 -> 2023-04,2023-05,2023-05-02,2023-05-11,0.0708333333333335,-0.2450271792204299,0.007808162170552942,0.21862854077548238,short,-1,2023-05-02
2023-01 -> 2023-04,2023-05,2023-05-02,2023-05-11,-0.2628019323671496,0.02701693371984699,0.007808162170552942,0.21862854077548238,long,1,2023-05-02
2023-01 -> 2023-04,2023-05,2023-05-02,2023-05-11,-0.0037940379403794,0.0317458089227347,0.007808162170552942,0.21862854077548238,long,1,2023-05-02
2023-01 -> 2023-04,2023-05,2023-05-03,2023-05-12,0.8437500000000002,0.2878070366086765,0.007808162170552942,0.21862854077548238,long,1,2023-05-03
2023-01 -> 2023-04,2023-05,2023-05-03,2023-05-12,0.0988900100908174,0.1664477944411647,0.007808162170552942,0.21862854077548238,long,1,2023-05-03
2023-01 -> 2023-04,2023-05,2023-05-03,2023-05-12,-0.2611111111111111,0.07715962154117524,0.007808162170552942,0.21862854077548238,long,1,2023-05-03
2023-01 -> 2023-04,2023-05,2023-05-03,2023-05-12,-0.1193763919821827,0.09040883491135424,0.007808162170552942,0.21862854077548238,long,1,2023-05-03
2023-01 -> 2023-04,2023-05,2023-05-03,2023-05-12,-0.2056451612903227,0.05356142129084975,0.007808162170552942,0.21862854077548238,long,1,2023-05-03
2023-01 -> 2023-04,2023-05,2023-05-04,2023-05-15,0.8533333333333333,0.01299983836020209,0.007808162170552942,0.21862854077548238,long,1,2023-05-04
2023-01 -> 2023-04,2023-05,2023-05-04,2023-05-15,-0.047001620745543,0.013287427050619824,0.007808162170552942,0.21862854077548238,long,1,2023-05-04
2023-01 -> 2023-04,2023-05,2023-05-04,2023-05-15,-0.1973626373626374,-0.21938289187088109,0.007808162170552942,0.21862854077548238,short,-1,2023-05-04
2023-01 -> 2023-04,2023-05,2023-05-04,2023-05-15,-0.2399999999999999,-0.23866590356364348,0.007808162170552942,0.21862854077548238,short,-1,2023-05-04
2023-01 -> 2023-04,2023-05,2023-05-04,2023-05-15,-0.0353178607467204,0.11308613272918101,0.007808162170552942,0.21862854077548238,long,1,2023-05-04
2023-01 -> 2023-04,2023-05,2023-05-04,2023-05-15,0.060281690140845,0.16705717433692716,0.007808162170552942,0.21862854077548238,long,1,2023-05-04
2023-01 -> 2023-04,2023-05,2023-05-05,2023-05-16,0.7219917012448134,0.15827119406438547,0.007808162170552942,0.21862854077548238,long,1,2023-05-05
2023-01 -> 2023-04,2023-05,2023-05-05,2023-05-16,-0.3168724279835391,0.0083784126573328,0.007808162170552942,0.21862854077548238,long,1,2023-05-05
2023-01 -> 2023-04,2023-05,2023-05-05,2023-05-16,-0.0614754098360655,0.030911535459081967,0.007808162170552942,0.21862854077548238,long,1,2023-05-05
2023-01 -> 2023-04,2023-05,2023-05-05,2023-05-16,-0.2516556291390728,0.07525143498958464,0.007808162170552942,0.21862854077548238,long,1,2023-05-05
2023-01 -> 2023-04,2023-05,2023-05-05,2023-05-16,0.8097345132743364,0.10236559843297176,0.007808162170552942,0.21862854077548238,long,1,2023-05-05
2023-01 -> 2023-04,2023-05,2023-05-05,2023-05-16,0.6114649681528663,-0.2877069469505296,0.007808162170552942,0.21862854077548238,short,-1,2023-05-05
2023-01 -> 2023-04,2023-05,2023-05-05,2023-05-16,-0.2761904761904761,0.03732480852380204,0.007808162170552942,0.21862854077548238,long,1,2023-05-05
2023-01 -> 2023-04,2023-05,2023-05-08,2023-05-17,1.073529411764706,0.03898385245189559,0.007808162170552942,0.21862854077548238,long,1,2023-05-08
2023-01 -> 2023-04,2023-05,2023-05-08,2023-05-17,-0.2280701754385966,0.17660713433160163,0.007808162170552942,0.21862854077548238,long,1,2023-05-08
2023-01 -> 2023-04,2023-05,2023-05-08,2023-05-17,-0.169657422512235,0.14347691038187266,0.007808162170552942,0.21862854077548238,long,1,2023-05-08
2023-01 -> 2023-04,2023-05,2023-05-08,2023-05-17,-0.0389610389610389,0.0714485999487374,0.007808162170552942,0.21862854077548238,long,1,2023-05-08
2023-01 -> 2023-04,2023-05,2023-05-09,2023-05-18,0.2798129384255653,0.08424572106282993,0.007808162170552942,0.21862854077548238,long,1,2023-05-09
2023-01 -> 2023-04,2023-05,2023-05-09,2023-05-18,-0.1396226415094338,0.037495303273124676,0.007808162170552942,0.21862854077548238,long,1,2023-05-09
2023-01 -> 2023-04,2023-05,2023-05-09,2023-05-18,-0.1006711409395972,0.03562824414289871,0.007808162170552942,0.21862854077548238,long,1,2023-05-09
2023-01 -> 2023-04,2023-05,2023-05-09,2023-05-18,-0.0574647887323943,0.16882884477491877,0.007808162170552942,0.21862854077548238,long,1,2023-05-09
2023-01 -> 2023-04,2023-05,2023-05-10,2023-05-19,-0.0299829642248723,0.1775776377024991,0.007808162170552942,0.21862854077548238,long,1,2023-05-10
2023-01 -> 2023-04,2023-05,2023-05-10,2023-05-19,-0.2070063694267516,0.20761033811435756,0.007808162170552942,0.21862854077548238,long,1,2023-05-10
2023-01 -> 2023-04,2023-05,2023-05-10,2023-05-19,0.0347222222222222,0.06137155102970807,0.007808162170552942,0.21862854077548238,long,1,2023-05-10
2023-01 -> 2023-04,2023-05,2023-05-10,2023-05-19,0.1641891891891893,0.021025094171548835,0.007808162170552942,0.21862854077548238,long,1,2023-05-10
2023-01 -> 2023-04,2023-05,2023-05-10,2023-05-19,-0.0171428571428571,0.03516948496423634,0.007808162170552942,0.21862854077548238,long,1,2023-05-10
2023-01 -> 2023-04,2023-05,2023-05-10,2023-05-19,-0.1254901960784314,0.14823919387130313,0.007808162170552942,0.21862854077548238,long,1,2023-05-10
2023-01 -> 2023-04,2023-05,2023-05-10,2023-05-19,-0.1748633879781421,0.047354328289978986,0.007808162170552942,0.21862854077548238,long,1,2023-05-10
2023-01 -> 2023-04,2023-05,2023-05-10,2023-05-19,-0.2159090909090908,0.10092367964101535,0.007808162170552942,0.21862854077548238,long,1,2023-05-10
2023-01 -> 2023-04,2023-05,2023-05-11,2023-05-22,-0.2166666666666666,0.028470698051999088,0.007808162170552942,0.21862854077548238,long,1,2023-05-11
2023-01 -> 2023-04,2023-05,2023-05-11,2023-05-22,-0.2396313364055299,0.06511956520747907,0.007808162170552942,0.21862854077548238,long,1,2023-05-11
2023-01 -> 2023-04,2023-05,2023-05-11,2023-05-22,-0.1544117647058824,0.04174062861645571,0.007808162170552942,0.21862854077548238,long,1,2023-05-11
2023-01 -> 2023-04,2023-05,2023-05-11,2023-05-22,0.0932173913043478,0.09794678677758409,0.007808162170552942,0.21862854077548238,long,1,2023-05-11
2023-01 -> 2023-04,2023-05,2023-05-11,2023-05-22,0.1094224924012156,0.02973018490893201,0.007808162170552942,0.21862854077548238,long,1,2023-05-11
2023-01 -> 2023-04,2023-05,2023-05-11,2023-05-22,-0.0988593155893535,0.09498095681438085,0.007808162170552942,0.21862854077548238,long,1,2023-05-11
2023-01 -> 2023-04,2023-05,2023-05-12,2023-05-23,-0.0459518599562365,0.03117676857811398,0.007808162170552942,0.21862854077548238,long,1,2023-05-12
2023-01 -> 2023-04,2023-05,2023-05-12,2023-05-23,0.55,-0.2294597648353873,0.007808162170552942,0.21862854077548238,short,-1,2023-05-12
2023-01 -> 2023-04,2023-05,2023-05-12,2023-05-23,-0.0340557275541795,0.11150954792955892,0.007808162170552942,0.21862854077548238,long,1,2023-05-12
2023-01 -> 2023-04,2023-05,2023-05-12,2023-05-23,-0.0367647058823529,0.0760167660179487,0.007808162170552942,0.21862854077548238,long,1,2023-05-12
2023-01 -> 2023-04,2023-05,2023-05-12,2023-05-23,0.2389578163771712,0.1996703171842336,0.007808162170552942,0.21862854077548238,long,1,2023-05-12
2023-01 -> 2023-04,2023-05,2023-05-12,2023-05-23,-0.1898148148148148,0.20305634403134654,0.007808162170552942,0.21862854077548238,long,1,2023-05-12
2023-01 -> 2023-04,2023-05,2023-05-12,2023-05-23,-0.1853281853281852,0.03731863544364672,0.007808162170552942,0.21862854077548238,long,1,2023-05-12
2023-01 -> 2023-04,2023-05,2023-05-12,2023-05-23,0.1033707865168539,0.17910802248392438,0.007808162170552942,0.21862854077548238,long,1,2023-05-12
2023-01 -> 2023-04,2023-05,2023-05-15,2023-05-24,0.2151238591916558,0.10457370262476696,0.007808162170552942,0.21862854077548238,long,1,2023-05-15
2023-01 -> 2023-04,2023-05,2023-05-15,2023-05-24,0.0957910014513787,0.1115549849016755,0.007808162170552942,0.21862854077548238,long,1,2023-05-15
2023-01 -> 2023-04,2023-05,2023-05-15,2023-05-24,-0.1663405088062621,0.08807850690684006,0.007808162170552942,0.21862854077548238,long,1,2023-05-15
2023-01 -> 2023-04,2023-05,2023-05-15,2023-05-24,-0.0130293159609122,0.14930148624719924,0.007808162170552942,0.21862854077548238,long,1,2023-05-15
2023-01 -> 2023-04,2023-05,2023-05-15,2023-05-24,-0.0784982935153583,0.0545389703136217,0.007808162170552942,0.21862854077548238,long,1,2023-05-15
2023-01 -> 2023-04,2023-05,2023-05-15,2023-05-24,0.5550617283950616,0.03942382759031305,0.007808162170552942,0.21862854077548238,long,1,2023-05-15
2023-01 -> 2023-04,2023-05,2023-05-15,2023-05-24,0.252037617554859,0.0382664632078294,0.007808162170552942,0.21862854077548238,long,1,2023-05-15
2023-01 -> 2023-04,2023-05,2023-05-15,2023-05-24,-0.1632653061224489,0.17938356061234537,0.007808162170552942,0.21862854077548238,long,1,2023-05-15
2023-01 -> 2023-04,2023-05,2023-05-15,2023-05-24,0.1618625277161861,0.12532140262815644,0.007808162170552942,0.21862854077548238,long,1,2023-05-15
2023-01 -> 2023-04,2023-05,2023-05-16,2023-05-25,-0.1094890510948906,0.05362409020986399,0.007808162170552942,0.21862854077548238,long,1,2023-05-16
2023-01 -> 2023-04,2023-05,2023-05-16,2023-05-25,-0.0339832869080779,0.030798156719540674,0.007808162170552942,0.21862854077548238,long,1,2023-05-16
2023-01 -> 2023-04,2023-05,2023-05-16,2023-05-25,0.1887905604719763,0.15832598155522842,0.007808162170552942,0.21862854077548238,long,1,2023-05-16
2023-01 -> 2023-04,2023-05,2023-05-16,2023-05-25,0.252314814814815,0.0806904366312956,0.007808162170552942,0.21862854077548238,long,1,2023-05-16
2023-01 -> 2023-04,2023-05,2023-05-16,2023-05-25,0.3954983922829583,0.1516779268269718,0.007808162170552942,0.21862854077548238,long,1,2023-05-16
2023-01 -> 2023-04,2023-05,2023-05-16,2023-05-25,0.2568393094289508,0.07501099842800757,0.007808162170552942,0.21862854077548238,long,1,2023-05-16
2023-01 -> 2023-04,2023-05,2023-05-16,2023-05-25,-0.0601265822784811,0.17646892148974866,0.007808162170552942,0.21862854077548238,long,1,2023-05-16
2023-01 -> 2023-04,2023-05,2023-05-16,2023-05-25,0.0690423162583518,0.0743225957656732,0.007808162170552942,0.21862854077548238,long,1,2023-05-16
2023-01 -> 2023-04,2023-05,2023-05-16,2023-05-25,1.070921985815603,0.10528429043376836,0.007808162170552942,0.21862854077548238,long,1,2023-05-16
2023-01 -> 2023-04,2023-05,2023-05-16,2023-05-25,-0.1735357917570497,0.2122759611259103,0.007808162170552942,0.21862854077548238,long,1,2023-05-16
2023-01 -> 2023-04,2023-05,2023-05-17,2023-05-26,0.1359223300970872,0.19606325294611993,0.007808162170552942,0.21862854077548238,long,1,2023-05-17
2023-01 -> 2023-04,2023-05,2023-05-17,2023-05-26,0.6397849462365592,0.14246195730258912,0.007808162170552942,0.21862854077548238,long,1,2023-05-17
2023-01 -> 2023-04,2023-05,2023-05-17,2023-05-26,1.2977995110024452,0.305550300652245,0.007808162170552942,0.21862854077548238,long,1,2023-05-17
2023-01 -> 2023-04,2023-05,2023-05-17,2023-05-26,-0.0530612244897958,0.06347279286945089,0.007808162170552942,0.21862854077548238,long,1,2023-05-17
2023-01 -> 2023-04,2023-05,2023-05-17,2023-05-26,0.423963133640553,0.28070651351484255,0.007808162170552942,0.21862854077548238,long,1,2023-05-17
2023-01 -> 2023-04,2023-05,2023-05-17,2023-05-26,0.5712143928035981,0.12901840882175145,0.007808162170552942,0.21862854077548238,long,1,2023-05-17
2023-01 -> 2023-04,2023-05,2023-05-18,2023-05-30,-0.0640522875816992,0.08618816136804931,0.007808162170552942,0.21862854077548238,long,1,2023-05-18
2023-01 -> 2023-04,2023-05,2023-05-18,2023-05-30,-0.2,0.07412435372166397,0.007808162170552942,0.21862854077548238,long,1,2023-05-18
2023-01 -> 2023-04,2023-05,2023-05-18,2023-05-30,0.9320987654320988,0.16755912968451966,0.007808162170552942,0.21862854077548238,long,1,2023-05-18
2023-01 -> 2023-04,2023-05,2023-05-18,2023-05-30,0.5027027027027028,0.033078171097881554,0.007808162170552942,0.21862854077548238,long,1,2023-05-18
2023-01 -> 2023-04,2023-05,2023-05-18,2023-05-30,0.2797020484171321,0.10366597605987819,0.007808162170552942,0.21862854077548238,long,1,2023-05-18
2023-01 -> 2023-04,2023-05,2023-05-18,2023-05-30,0.6933649289099527,0.13435601458602922,0.007808162170552942,0.21862854077548238,long,1,2023-05-18
2023-01 -> 2023-04,2023-05,2023-05-18,2023-05-30,0.2815315315315315,0.24368522661330105,0.007808162170552942,0.21862854077548238,long,1,2023-05-18
2023-01 -> 2023-04,2023-05,2023-05-19,2023-05-31,0.2442396313364056,0.16875902803257076,0.007808162170552942,0.21862854077548238,long,1,2023-05-19
2023-01 -> 2023-04,2023-05,2023-05-19,2023-05-31,0.5409429280397022,0.014617050602273064,0.007808162170552942,0.21862854077548238,long,1,2023-05-19
2023-01 -> 2023-04,2023-05,2023-05-19,2023-05-31,0.8850931677018636,0.08515392462911754,0.007808162170552942,0.21862854077548238,long,1,2023-05-19
2023-01 -> 2023-04,2023-05,2023-05-19,2023-05-31,0.0163043478260869,0.2020658384086198,0.007808162170552942,0.21862854077548238,long,1,2023-05-19
2023-01 -> 2023-04,2023-05,2023-05-19,2023-05-31,0.0372340425531914,0.12063869711858617,0.007808162170552942,0.21862854077548238,long,1,2023-05-19
2023-01 -> 2023-04,2023-05,2023-05-19,2023-05-31,0.0862385321100917,0.105792654730468,0.007808162170552942,0.21862854077548238,long,1,2023-05-19
2023-01 -> 2023-04,2023-05,2023-05-19,2023-05-31,0.1121372031662268,0.025570042199392108,0.007808162170552942,0.21862854077548238,long,1,2023-05-19
2023-01 -> 2023-04,2023-05,2023-05-19,2023-05-31,-0.1247002398081534,0.07619280928476109,0.007808162170552942,0.21862854077548238,long,1,2023-05-19
2023-01 -> 2023-04,2023-05,2023-05-19,2023-05-31,-0.1709090909090908,0.023986703442832963,0.007808162170552942,0.21862854077548238,long,1,2023-05-19
2023-01 -> 2023-04,2023-05,2023-05-19,2023-05-31,0.1976351351351349,0.13695895043324385,0.007808162170552942,0.21862854077548238,long,1,2023-05-19
2023-01 -> 2023-04,2023-05,2023-05-19,2023-05-31,0.5187580853816297,0.03162333453131558,0.007808162170552942,0.21862854077548238,long,1,2023-05-19
2023-01 -> 2023-04,2023-05,2023-05-19,2023-05-31,0.3966759002770083,0.16198636444482392,0.007808162170552942,0.21862854077548238,long,1,2023-05-19
2023-01 -> 2023-04,2023-05,2023-05-19,2023-05-31,0.2102272727272727,0.046798702709062605,0.007808162170552942,0.21862854077548238,long,1,2023-05-19
2023-01 -> 2023-04,2023-05,2023-05-19,2023-05-31,2.2499999999999996,0.04032493846728983,0.007808162170552942,0.21862854077548238,long,1,2023-05-19
2023-01 -> 2023-04,2023-05,2023-05-22,2023-06-01,0.0720524017467249,0.02651673855153687,0.007808162170552942,0.21862854077548238,long,1,2023-05-22
2023-01 -> 2023-04,2023-05,2023-05-22,2023-06-01,0.5035460992907801,0.16921202718255524,0.007808162170552942,0.21862854077548238,long,1,2023-05-22
2023-01 -> 2023-04,2023-05,2023-05-22,2023-06-01,0.2694267515923566,0.06287921417509053,0.007808162170552942,0.21862854077548238,long,1,2023-05-22
2023-01 -> 2023-04,2023-05,2023-05-22,2023-06-01,0.2422628951747089,0.1734551357603843,0.007808162170552942,0.21862854077548238,long,1,2023-05-22
2023-01 -> 2023-04,2023-05,2023-05-22,2023-06-01,0.1425925925925925,0.10057308320082312,0.007808162170552942,0.21862854077548238,long,1,2023-05-22
2023-01 -> 2023-04,2023-05,2023-05-22,2023-06-01,0.0786516853932583,0.20094463137814964,0.007808162170552942,0.21862854077548238,long,1,2023-05-22
2023-01 -> 2023-04,2023-05,2023-05-22,2023-06-01,-0.0632054176072233,0.13601555691139258,0.007808162170552942,0.21862854077548238,long,1,2023-05-22
2023-01 -> 2023-04,2023-05,2023-05-23,2023-06-02,-0.1029082774049217,0.21048871526106935,0.007808162170552942,0.21862854077548238,long,1,2023-05-23
2023-01 -> 2023-04,2023-05,2023-05-23,2023-06-02,0.4540845070422534,0.1381891183024751,0.007808162170552942,0.21862854077548238,long,1,2023-05-23
2023-01 -> 2023-04,2023-05,2023-05-23,2023-06-02,0.6608575380359614,0.27380151814029796,0.007808162170552942,0.21862854077548238,long,1,2023-05-23
2023-01 -> 2023-04,2023-05,2023-05-23,2023-06-02,1.6780342516753537,0.025980164336156613,0.007808162170552942,0.21862854077548238,long,1,2023-05-23
2023-01 -> 2023-04,2023-05,2023-05-23,2023-06-02,1.2620689655172412,0.015626053205320872,0.007808162170552942,0.21862854077548238,long,1,2023-05-23
2023-01 -> 2023-04,2023-05,2023-05-23,2023-06-02,0.2218430034129695,0.19978505502573854,0.007808162170552942,0.21862854077548238,long,1,2023-05-23
2023-01 -> 2023-04,2023-05,2023-05-23,2023-06-02,0.21978021978022,0.2933262151291706,0.007808162170552942,0.21862854077548238,long,1,2023-05-23
2023-01 -> 2023-04,2023-05,2023-05-23,2023-06-02,0.5985203452527746,0.06197496637314906,0.007808162170552942,0.21862854077548238,long,1,2023-05-23
2023-01 -> 2023-04,2023-05,2023-05-23,2023-06-02,0.4977917981072556,0.09601814489583717,0.007808162170552942,0.21862854077548238,long,1,2023-05-23
2023-01 -> 2023-04,2023-05,2023-05-23,2023-06-02,0.0197802197802197,0.008959299856233793,0.007808162170552942,0.21862854077548238,long,1,2023-05-23
2023-01 -> 2023-04,2023-05,2023-05-23,2023-06-02,-0.1189931350114417,0.10250697456283146,0.007808162170552942,0.21862854077548238,long,1,2023-05-23
2023-01 -> 2023-04,2023-05,2023-05-24,2023-06-05,0.2437837837837838,0.15774961276325528,0.007808162170552942,0.21862854077548238,long,1,2023-05-24
2023-01 -> 2023-04,2023-05,2023-05-24,2023-06-05,0.3833333333333332,0.12327691642567985,0.007808162170552942,0.21862854077548238,long,1,2023-05-24
2023-01 -> 2023-04,2023-05,2023-05-24,2023-06-05,0.3431693989071037,0.19883764447914984,0.007808162170552942,0.21862854077548238,long,1,2023-05-24
2023-01 -> 2023-04,2023-05,2023-05-24,2023-06-05,-0.0875399361022365,0.08048800568483137,0.007808162170552942,0.21862854077548238,long,1,2023-05-24
2023-01 -> 2023-04,2023-05,2023-05-24,2023-06-05,1.5102040816326527,0.11757886346085616,0.007808162170552942,0.21862854077548238,long,1,2023-05-24
2023-01 -> 2023-04,2023-05,2023-05-24,2023-06-05,0.9743589743589745,0.013583595266309709,0.007808162170552942,0.21862854077548238,long,1,2023-05-24
2023-01 -> 2023-04,2023-05,2023-05-24,2023-06-05,0.4650943396226413,0.2748652674694274,0.007808162170552942,0.21862854077548238,long,1,2023-05-24
2023-01 -> 2023-04,2023-05,2023-05-24,2023-06-05,-0.1140350877192981,0.008425057466740734,0.007808162170552942,0.21862854077548238,long,1,2023-05-24
2023-01 -> 2023-04,2023-05,2023-05-24,2023-06-05,0.7360493827160495,0.03581146995077841,0.007808162170552942,0.21862854077548238,long,1,2023-05-24
2023-01 -> 2023-04,2023-05,2023-05-24,2023-06-05,-0.1276595744680852,0.12031348051168349,0.007808162170552942,0.21862854077548238,long,1,2023-05-24
2023-01 -> 2023-04,2023-05,2023-05-25,2023-06-06,2.7887323943661975,0.2037717341113158,0.007808162170552942,0.21862854077548238,long,1,2023-05-25
2023-01 -> 2023-04,2023-05,2023-05-25,2023-06-06,-0.12046783625731,0.12638861157600018,0.007808162170552942,0.21862854077548238,long,1,2023-05-25
2023-01 -> 2023-04,2023-05,2023-05-25,2023-06-06,-0.1728358208955223,0.025347147194280356,0.007808162170552942,0.21862854077548238,long,1,2023-05-25
2023-01 -> 2023-04,2023-05,2023-05-25,2023-06-06,-0.074245939675174,0.26899589047521355,0.007808162170552942,0.21862854077548238,long,1,2023-05-25
2023-01 -> 2023-04,2023-05,2023-05-26,2023-06-07,-0.1087248322147651,-0.24383980175364925,0.007808162170552942,0.21862854077548238,short,-1,2023-05-26
2023-01 -> 2023-04,2023-05,2023-05-26,2023-06-07,-0.1402135231316724,0.09367463848900923,0.007808162170552942,0.21862854077548238,long,1,2023-05-26
2023-01 -> 2023-04,2023-05,2023-05-26,2023-06-07,-0.008695652173913,0.024323927722320893,0.007808162170552942,0.21862854077548238,long,1,2023-05-26
2023-01 -> 2023-04,2023-05,2023-05-26,2023-06-07,-0.1347826086956521,0.0415233017401391,0.007808162170552942,0.21862854077548238,long,1,2023-05-26
2023-01 -> 2023-04,2023-05,2023-05-26,2023-06-07,-0.204040404040404,0.1774788272340157,0.007808162170552942,0.21862854077548238,long,1,2023-05-26
2023-01 -> 2023-04,2023-05,2023-05-26,2023-06-07,0.811827956989247,0.07879509131791276,0.007808162170552942,0.21862854077548238,long,1,2023-05-26
2023-01 -> 2023-04,2023-05,2023-05-26,2023-06-07,0.6763285024154589,0.06706695770170026,0.007808162170552942,0.21862854077548238,long,1,2023-05-26
2023-01 -> 2023-04,2023-05,2023-05-26,2023-06-07,0.1583333333333333,0.08938815576011426,0.007808162170552942,0.21862854077548238,long,1,2023-05-26
2023-01 -> 2023-04,2023-05,2023-05-26,2023-06-07,-0.2613636363636363,0.11138780122967652,0.007808162170552942,0.21862854077548238,long,1,2023-05-26
2023-01 -> 2023-04,2023-05,2023-05-30,2023-06-08,1.542857142857143,0.19530702481198275,0.007808162170552942,0.21862854077548238,long,1,2023-05-30
2023-01 -> 2023-04,2023-05,2023-05-30,2023-06-08,0.5805725971370143,0.16422978839428895,0.007808162170552942,0.21862854077548238,long,1,2023-05-30
2023-01 -> 2023-04,2023-05,2023-05-30,2023-06-08,-0.0710526315789472,0.14014044072916507,0.007808162170552942,0.21862854077548238,long,1,2023-05-30
2023-01 -> 2023-04,2023-05,2023-05-30,2023-06-08,-0.2653352353780313,0.03465140741929296,0.007808162170552942,0.21862854077548238,long,1,2023-05-30
2023-01 -> 2023-04,2023-05,2023-05-30,2023-06-08,-0.1368948247078464,0.17902909244692383,0.007808162170552942,0.21862854077548238,long,1,2023-05-30
2023-01 -> 2023-04,2023-05,2023-05-30,2023-06-08,0.0300751879699248,-0.2393619432419092,0.007808162170552942,0.21862854077548238,short,-1,2023-05-30
2023-01 -> 2023-04,2023-05,2023-05-31,2023-06-09,-0.1169230769230769,0.1580599875115493,0.007808162170552942,0.21862854077548238,long,1,2023-05-31
2023-01 -> 2023-04,2023-05,2023-05-31,2023-06-09,-0.2639296187683284,0.024187542494407206,0.007808162170552942,0.21862854077548238,long,1,2023-05-31
2023-01 -> 2023-04,2023-05,2023-05-31,2023-06-09,-0.2506265664160401,0.23225710001630712,0.007808162170552942,0.21862854077548238,long,1,2023-05-31
2023-01 -> 2023-04,2023-05,2023-05-31,2023-06-09,-0.1934156378600822,0.0831436537243448,0.007808162170552942,0.21862854077548238,long,1,2023-05-31
2023-01 -> 2023-04,2023-05,2023-05-31,2023-06-09,-0.2235701906412477,0.02926476816987234,0.007808162170552942,0.21862854077548238,long,1,2023-05-31
2023-01 -> 2023-04,2023-05,2023-05-31,2023-06-09,0.903061224489796,0.1800441601847926,0.007808162170552942,0.21862854077548238,long,1,2023-05-31
2023-01 -> 2023-04,2023-05,2023-05-31,2023-06-09,-0.0012944983818769,0.027360025775386453,0.007808162170552942,0.21862854077548238,long,1,2023-05-31
2023-01 -> 2023-05,2023-06,2023-06-01,2023-06-12,-0.28698752228164,0.23252596049890836,0.12962717516071925,0.2736573697837406,long,1,2023-06-01
2023-01 -> 2023-05,2023-06,2023-06-01,2023-06-12,1.1238532110091746,0.5297177790854379,0.12962717516071925,0.2736573697837406,long,1,2023-06-01
2023-01 -> 2023-05,2023-06,2023-06-01,2023-06-12,1.0662983425414363,0.22921624785928915,0.12962717516071925,0.2736573697837406,long,1,2023-06-01
2023-01 -> 2023-05,2023-06,2023-06-02,2023-06-13,-0.2793176972281448,-0.33568783480999764,0.12962717516071925,0.2736573697837406,short,-1,2023-06-02
2023-01 -> 2023-05,2023-06,2023-06-02,2023-06-13,0.0872641509433962,0.13302181609758706,0.12962717516071925,0.2736573697837406,long,1,2023-06-02
2023-01 -> 2023-05,2023-06,2023-06-02,2023-06-13,1.6195121951219515,0.4819042197042918,0.12962717516071925,0.2736573697837406,long,1,2023-06-02
2023-01 -> 2023-05,2023-06,2023-06-02,2023-06-13,1.0350877192982453,0.22368480701635707,0.12962717516071925,0.2736573697837406,long,1,2023-06-02
2023-01 -> 2023-05,2023-06,2023-06-06,2023-06-15,0.0816044260027659,0.1434022491905229,0.12962717516071925,0.2736573697837406,long,1,2023-06-06
2023-01 -> 2023-05,2023-06,2023-06-06,2023-06-15,0.3610526315789475,0.13253114514046754,0.12962717516071925,0.2736573697837406,long,1,2023-06-06
2023-01 -> 2023-05,2023-06,2023-06-06,2023-06-15,0.6353413654618474,0.5218277145406526,0.12962717516071925,0.2736573697837406,long,1,2023-06-06
2023-01 -> 2023-05,2023-06,2023-06-07,2023-06-16,0.4405315614617939,0.3562762787189277,0.12962717516071925,0.2736573697837406,long,1,2023-06-07
2023-01 -> 2023-05,2023-06,2023-06-07,2023-06-16,0.2363919129082426,0.37803983094639815,0.12962717516071925,0.2736573697837406,long,1,2023-06-07
2023-01 -> 2023-05,2023-06,2023-06-07,2023-06-16,-0.0711656441717792,0.22774561423944506,0.12962717516071925,0.2736573697837406,long,1,2023-06-07
2023-01 -> 2023-05,2023-06,2023-06-08,2023-06-20,0.3619596541786742,0.1731803118264997,0.12962717516071925,0.2736573697837406,long,1,2023-06-08
2023-01 -> 2023-05,2023-06,2023-06-08,2023-06-20,0.0706521739130434,0.2772009514250637,0.12962717516071925,0.2736573697837406,long,1,2023-06-08
2023-01 -> 2023-05,2023-06,2023-06-08,2023-06-20,-0.1641137855579868,0.26543662349090275,0.12962717516071925,0.2736573697837406,long,1,2023-06-08
2023-01 -> 2023-05,2023-06,2023-06-09,2023-06-21,-0.0655737704918031,0.529743048672956,0.12962717516071925,0.2736573697837406,long,1,2023-06-09
2023-01 -> 2023-05,2023-06,2023-06-09,2023-06-21,-0.2682926829268293,0.21176396521316002,0.12962717516071925,0.2736573697837406,long,1,2023-06-09
2023-01 -> 2023-05,2023-06,2023-06-09,2023-06-21,-0.2116504854368932,0.14050218696444206,0.12962717516071925,0.2736573697837406,long,1,2023-06-09
2023-01 -> 2023-05,2023-06,2023-06-09,2023-06-21,-0.1613832853025937,0.19002293052173164,0.12962717516071925,0.2736573697837406,long,1,2023-06-09
2023-01 -> 2023-05,2023-06,2023-06-09,2023-06-21,-0.1465968586387435,0.2336120500077505,0.12962717516071925,0.2736573697837406,long,1,2023-06-09
2023-01 -> 2023-05,2023-06,2023-06-12,2023-06-22,0.1845238095238095,0.1773650627202058,0.12962717516071925,0.2736573697837406,long,1,2023-06-12
2023-01 -> 2023-05,2023-06,2023-06-13,2023-06-23,-0.1505216095380031,0.29113997253688106,0.12962717516071925,0.2736573697837406,long,1,2023-06-13
2023-01 -> 2023-05,2023-06,2023-06-13,2023-06-23,-0.1121495327102803,0.1453957161588302,0.12962717516071925,0.2736573697837406,long,1,2023-06-13
2023-01 -> 2023-05,2023-06,2023-06-13,2023-06-23,0.2457142857142855,0.17550282205027481,0.12962717516071925,0.2736573697837406,long,1,2023-06-13
2023-01 -> 2023-05,2023-06,2023-06-14,2023-06-26,0.2913752913752914,0.1839285326445169,0.12962717516071925,0.2736573697837406,long,1,2023-06-14
2023-01 -> 2023-05,2023-06,2023-06-14,2023-06-26,-0.142113095238095,0.19976620616603116,0.12962717516071925,0.2736573697837406,long,1,2023-06-14
2023-01 -> 2023-05,2023-06,2023-06-15,2023-06-27,-0.2699478001491424,0.18826992413763297,0.12962717516071925,0.2736573697837406,long,1,2023-06-15
2023-01 -> 2023-05,2023-06,2023-06-15,2023-06-27,-0.2828282828282829,0.3184936536936833,0.12962717516071925,0.2736573697837406,long,1,2023-06-15
2023-01 -> 2023-05,2023-06,2023-06-15,2023-06-27,-0.3245459871118922,0.3147515913808496,0.12962717516071925,0.2736573697837406,long,1,2023-06-15
2023-01 -> 2023-05,2023-06,2023-06-16,2023-06-28,0.654501216545012,0.1519419168409948,0.12962717516071925,0.2736573697837406,long,1,2023-06-16
2023-01 -> 2023-05,2023-06,2023-06-16,2023-06-28,0.5423728813559323,0.15505618489283363,0.12962717516071925,0.2736573697837406,long,1,2023-06-16
2023-01 -> 2023-05,2023-06,2023-06-16,2023-06-28,-0.2084382871536525,0.4957421490600936,0.12962717516071925,0.2736573697837406,long,1,2023-06-16
2023-01 -> 2023-05,2023-06,2023-06-16,2023-06-28,-0.2758620689655172,0.3342171084385636,0.12962717516071925,0.2736573697837406,long,1,2023-06-16
2023-01 -> 2023-05,2023-06,2023-06-16,2023-06-28,-0.3020134228187919,0.4367741362660584,0.12962717516071925,0.2736573697837406,long,1,2023-06-16
2023-01 -> 2023-05,2023-06,2023-06-16,2023-06-28,-0.1891891891891891,0.3201452543036012,0.12962717516071925,0.2736573697837406,long,1,2023-06-16
2023-01 -> 2023-05,2023-06,2023-06-16,2023-06-28,-0.026431718061674,0.5819344286789807,0.12962717516071925,0.2736573697837406,long,1,2023-06-16
2023-01 -> 2023-05,2023-06,2023-06-16,2023-06-28,-0.2093023255813953,0.230117298072782,0.12962717516071925,0.2736573697837406,long,1,2023-06-16
2023-01 -> 2023-05,2023-06,2023-06-16,2023-06-28,-0.2186813186813187,0.16085412992660866,0.12962717516071925,0.2736573697837406,long,1,2023-06-16
2023-01 -> 2023-05,2023-06,2023-06-16,2023-06-28,-0.250308261405672,0.2034218110366587,0.12962717516071925,0.2736573697837406,long,1,2023-06-16
2023-01 -> 2023-05,2023-06,2023-06-16,2023-06-28,-0.2727272727272726,0.7343930091957517,0.12962717516071925,0.2736573697837406,long,1,2023-06-16
2023-01 -> 2023-05,2023-06,2023-06-16,2023-06-28,-0.1309953584321815,0.4554540244822167,0.12962717516071925,0.2736573697837406,long,1,2023-06-16
2023-01 -> 2023-05,2023-06,2023-06-16,2023-06-28,-0.1911262798634811,0.564091088842299,0.12962717516071925,0.2736573697837406,long,1,2023-06-16
2023-01 -> 2023-05,2023-06,2023-06-20,2023-06-29,-0.2010135135135134,0.19628403796946411,0.12962717516071925,0.2736573697837406,long,1,2023-06-20
2023-01 -> 2023-05,2023-06,2023-06-20,2023-06-29,-0.1848049281314169,0.2594884407948064,0.12962717516071925,0.2736573697837406,long,1,2023-06-20
2023-01 -> 2023-05,2023-06,2023-06-20,2023-06-29,0.1594202898550722,0.5220293215860435,0.12962717516071925,0.2736573697837406,long,1,2023-06-20
2023-01 -> 2023-05,2023-06,2023-06-20,2023-06-29,-0.156474820143885,0.46943342928362364,0.12962717516071925,0.2736573697837406,long,1,2023-06-20
2023-01 -> 2023-05,2023-06,2023-06-20,2023-06-29,-0.1077654516640253,0.3406920834381798,0.12962717516071925,0.2736573697837406,long,1,2023-06-20
2023-01 -> 2023-05,2023-06,2023-06-20,2023-06-29,-0.0547713156408807,0.2854664759587722,0.12962717516071925,0.2736573697837406,long,1,2023-06-20
2023-01 -> 2023-05,2023-06,2023-06-20,2023-06-29,-0.2147887323943661,0.5862180220481542,0.12962717516071925,0.2736573697837406,long,1,2023-06-20
2023-01 -> 2023-05,2023-06,2023-06-20,2023-06-29,-0.1186708860759493,0.35319409742293917,0.12962717516071925,0.2736573697837406,long,1,2023-06-20
2023-01 -> 2023-05,2023-06,2023-06-21,2023-06-30,-0.2574377656344869,0.4143193458433574,0.12962717516071925,0.2736573697837406,long,1,2023-06-21
2023-01 -> 2023-05,2023-06,2023-06-21,2023-06-30,-0.1516007532956683,0.18864278924606748,0.12962717516071925,0.2736573697837406,long,1,2023-06-21
2023-01 -> 2023-05,2023-06,2023-06-21,2023-06-30,0.4042553191489363,0.33664564099673255,0.12962717516071925,0.2736573697837406,long,1,2023-06-21
2023-01 -> 2023-05,2023-06,2023-06-21,2023-06-30,-0.0833333333333332,0.3984994575084804,0.12962717516071925,0.2736573697837406,long,1,2023-06-21
2023-01 -> 2023-05,2023-06,2023-06-21,2023-06-30,-0.037325905292479,0.16062544740132906,0.12962717516071925,0.2736573697837406,long,1,2023-06-21
2023-01 -> 2023-05,2023-06,2023-06-22,2023-07-03,0.5053191489361701,0.22726646718583426,0.12962717516071925,0.2736573697837406,long,1,2023-06-22
2023-01 -> 2023-05,2023-06,2023-06-22,2023-07-03,0.0843373493975901,0.21157094397734827,0.12962717516071925,0.2736573697837406,long,1,2023-06-22
2023-01 -> 2023-05,2023-06,2023-06-22,2023-07-03,-0.2503225806451613,0.3562561001037537,0.12962717516071925,0.2736573697837406,long,1,2023-06-22
2023-01 -> 2023-05,2023-06,2023-06-23,2023-07-05,0.3688524590163934,0.36686001622535874,0.12962717516071925,0.2736573697837406,long,1,2023-06-23
2023-01 -> 2023-05,2023-06,2023-06-23,2023-07-05,0.6611111111111111,0.21868853003467037,0.12962717516071925,0.2736573697837406,long,1,2023-06-23
2023-01 -> 2023-05,2023-06,2023-06-26,2023-07-06,0.1958333333333334,0.3910985273045891,0.12962717516071925,0.2736573697837406,long,1,2023-06-26
2023-01 -> 2023-05,2023-06,2023-06-26,2023-07-06,-0.1050314465408806,0.1303243737719018,0.12962717516071925,0.2736573697837406,long,1,2023-06-26
2023-01 -> 2023-05,2023-06,2023-06-27,2023-07-07,-0.0378151260504201,0.438396707033756,0.12962717516071925,0.2736573697837406,long,1,2023-06-27
2023-01 -> 2023-05,2023-06,2023-06-27,2023-07-07,0.0040225261464198,0.14809533767576505,0.12962717516071925,0.2736573697837406,long,1,2023-06-27
2023-01 -> 2023-05,2023-06,2023-06-28,2023-07-10,-0.1701244813278009,0.35207251840610776,0.12962717516071925,0.2736573697837406,long,1,2023-06-28
2023-01 -> 2023-05,2023-06,2023-06-28,2023-07-10,-0.0938864628820961,0.1445011076438806,0.12962717516071925,0.2736573697837406,long,1,2023-06-28
2023-01 -> 2023-05,2023-06,2023-06-29,2023-07-11,0.1365159128978223,0.13814979737671873,0.12962717516071925,0.2736573697837406,long,1,2023-06-29
2023-01 -> 2023-05,2023-06,2023-06-30,2023-07-12,-0.0829238329238329,0.2148593389167057,0.12962717516071925,0.2736573697837406,long,1,2023-06-30
2023-01 -> 2023-05,2023-06,2023-06-30,2023-07-12,-0.1146853146853147,0.18604815083158419,0.12962717516071925,0.2736573697837406,long,1,2023-06-30
2023-01 -> 2023-06,2023-07,2023-07-03,2023-07-13,0.1994981179422836,-0.09947472319988676,0.30487096033421046,0.09461512562096186,short,-1,2023-07-03
2023-01 -> 2023-06,2023-07,2023-07-03,2023-07-13,0.0899999999999998,-0.10313224358041377,0.30487096033421046,0.09461512562096186,short,-1,2023-07-03
2023-01 -> 2023-06,2023-07,2023-07-05,2023-07-14,-0.0469483568075118,-0.1333499043759036,0.30487096033421046,0.09461512562096186,short,-1,2023-07-05
2023-01 -> 2023-06,2023-07,2023-07-05,2023-07-14,0.1394016549968171,-0.14448367165936232,0.30487096033421046,0.09461512562096186,short,-1,2023-07-05
2023-01 -> 2023-06,2023-07,2023-07-05,2023-07-14,0.1083916083916082,-0.16200516675302526,0.30487096033421046,0.09461512562096186,short,-1,2023-07-05
2023-01 -> 2023-06,2023-07,2023-07-06,2023-07-17,0.1493710691823901,-0.24758774686560503,0.30487096033421046,0.09461512562096186,short,-1,2023-07-06
2023-01 -> 2023-06,2023-07,2023-07-06,2023-07-17,0.3912760416666666,-0.17102707280596033,0.30487096033421046,0.09461512562096186,short,-1,2023-07-06
2023-01 -> 2023-06,2023-07,2023-07-06,2023-07-17,-0.0942307692307691,-0.10243585598312258,0.30487096033421046,0.09461512562096186,short,-1,2023-07-06
2023-01 -> 2023-06,2023-07,2023-07-06,2023-07-17,0.381118881118881,-0.34184974554495556,0.30487096033421046,0.09461512562096186,short,-1,2023-07-06
2023-01 -> 2023-06,2023-07,2023-07-07,2023-07-18,0.472361809045226,-0.12150847832479626,0.30487096033421046,0.09461512562096186,short,-1,2023-07-07
2023-01 -> 2023-06,2023-07,2023-07-07,2023-07-18,-0.0491048593350384,-0.1037653671139538,0.30487096033421046,0.09461512562096186,short,-1,2023-07-07
2023-01 -> 2023-06,2023-07,2023-07-07,2023-07-18,-0.1245674740484427,-0.1054662989197365,0.30487096033421046,0.09461512562096186,short,-1,2023-07-07
2023-01 -> 2023-06,2023-07,2023-07-07,2023-07-18,0.2147540983606558,-0.17476205445867102,0.30487096033421046,0.09461512562096186,short,-1,2023-07-07
2023-01 -> 2023-06,2023-07,2023-07-07,2023-07-18,0.4854014598540145,-0.13349415049463537,0.30487096033421046,0.09461512562096186,short,-1,2023-07-07
2023-01 -> 2023-06,2023-07,2023-07-10,2023-07-19,0.0638095238095236,-0.1679973871899408,0.30487096033421046,0.09461512562096186,short,-1,2023-07-10
2023-01 -> 2023-06,2023-07,2023-07-12,2023-07-21,-0.0327380952380952,-0.10056539788035851,0.30487096033421046,0.09461512562096186,short,-1,2023-07-12
2023-01 -> 2023-06,2023-07,2023-07-12,2023-07-21,-0.0107758620689655,-0.12582036765476173,0.30487096033421046,0.09461512562096186,short,-1,2023-07-12
2023-01 -> 2023-06,2023-07,2023-07-13,2023-07-24,-0.2974777448071217,-0.09915729338296222,0.30487096033421046,0.09461512562096186,short,-1,2023-07-13
2023-01 -> 2023-06,2023-07,2023-07-13,2023-07-24,-0.0626057529610829,-0.10873738323058031,0.30487096033421046,0.09461512562096186,short,-1,2023-07-13
2023-01 -> 2023-06,2023-07,2023-07-13,2023-07-24,-0.0455696202531644,-0.13547895890679604,0.30487096033421046,0.09461512562096186,short,-1,2023-07-13
2023-01 -> 2023-06,2023-07,2023-07-13,2023-07-24,-0.0838323353293412,-0.10216979035305217,0.30487096033421046,0.09461512562096186,short,-1,2023-07-13
2023-01 -> 2023-06,2023-07,2023-07-14,2023-07-25,-0.3065217391304348,-0.1983454597499613,0.30487096033421046,0.09461512562096186,short,-1,2023-07-14
2023-01 -> 2023-06,2023-07,2023-07-14,2023-07-25,-0.1344086021505376,-0.12490986830457668,0.30487096033421046,0.09461512562096186,short,-1,2023-07-14
2023-01 -> 2023-06,2023-07,2023-07-14,2023-07-25,-0.0289473684210526,-0.1387643300252917,0.30487096033421046,0.09461512562096186,short,-1,2023-07-14
2023-01 -> 2023-06,2023-07,2023-07-14,2023-07-25,-0.0315236427320489,-0.13296784970808914,0.30487096033421046,0.09461512562096186,short,-1,2023-07-14
2023-01 -> 2023-06,2023-07,2023-07-14,2023-07-25,0.0448979591836733,-0.09605747841331083,0.30487096033421046,0.09461512562096186,short,-1,2023-07-14
2023-01 -> 2023-06,2023-07,2023-07-14,2023-07-25,-0.4024570024570025,-0.1523174822529506,0.30487096033421046,0.09461512562096186,short,-1,2023-07-14
2023-01 -> 2023-06,2023-07,2023-07-14,2023-07-25,-0.1435950413223139,-0.2138148176069337,0.30487096033421046,0.09461512562096186,short,-1,2023-07-14
2023-01 -> 2023-06,2023-07,2023-07-14,2023-07-25,-0.0221238938053096,-0.22573009793666637,0.30487096033421046,0.09461512562096186,short,-1,2023-07-14
2023-01 -> 2023-06,2023-07,2023-07-14,2023-07-25,-0.2737617135207495,-0.16948245697880163,0.30487096033421046,0.09461512562096186,short,-1,2023-07-14
2023-01 -> 2023-06,2023-07,2023-07-14,2023-07-25,-0.0677966101694915,-0.09486641321702592,0.30487096033421046,0.09461512562096186,short,-1,2023-07-14
2023-01 -> 2023-06,2023-07,2023-07-14,2023-07-25,0.0118343195266272,-0.27846382208623244,0.30487096033421046,0.09461512562096186,short,-1,2023-07-14
2023-01 -> 2023-06,2023-07,2023-07-14,2023-07-25,-0.0048192771084338,-0.1877332451337197,0.30487096033421046,0.09461512562096186,short,-1,2023-07-14
2023-01 -> 2023-06,2023-07,2023-07-14,2023-07-25,-0.0138461538461538,-0.16298798275349158,0.30487096033421046,0.09461512562096186,short,-1,2023-07-14
2023-01 -> 2023-06,2023-07,2023-07-17,2023-07-26,0.0239043824701192,-0.09869848839427033,0.30487096033421046,0.09461512562096186,short,-1,2023-07-17
2023-01 -> 2023-06,2023-07,2023-07-17,2023-07-26,-0.0125523012552298,0.41728485186101294,0.30487096033421046,0.09461512562096186,long,1,2023-07-17
2023-01 -> 2023-06,2023-07,2023-07-17,2023-07-26,-0.1724313326551373,-0.10907781303810254,0.30487096033421046,0.09461512562096186,short,-1,2023-07-17
2023-01 -> 2023-06,2023-07,2023-07-17,2023-07-26,-0.1827956989247312,-0.16668149626257558,0.30487096033421046,0.09461512562096186,short,-1,2023-07-17
2023-01 -> 2023-06,2023-07,2023-07-17,2023-07-26,0.0516695957820739,0.3085557871406301,0.30487096033421046,0.09461512562096186,long,1,2023-07-17
2023-01 -> 2023-06,2023-07,2023-07-17,2023-07-26,-0.1097046413502108,-0.1787349306239323,0.30487096033421046,0.09461512562096186,short,-1,2023-07-17
2023-01 -> 2023-06,2023-07,2023-07-17,2023-07-26,-0.2303771661569827,-0.14427380991514402,0.30487096033421046,0.09461512562096186,short,-1,2023-07-17
2023-01 -> 2023-06,2023-07,2023-07-18,2023-07-27,-0.0344827586206896,-0.12700796951563117,0.30487096033421046,0.09461512562096186,short,-1,2023-07-18
2023-01 -> 2023-06,2023-07,2023-07-18,2023-07-27,0.0564037854889587,-0.22624177690927114,0.30487096033421046,0.09461512562096186,short,-1,2023-07-18
2023-01 -> 2023-06,2023-07,2023-07-18,2023-07-27,-0.0748129675810473,-0.15015631884562056,0.30487096033421046,0.09461512562096186,short,-1,2023-07-18
2023-01 -> 2023-06,2023-07,2023-07-18,2023-07-27,-0.0572625698324022,-0.12108970835159125,0.30487096033421046,0.09461512562096186,short,-1,2023-07-18
2023-01 -> 2023-06,2023-07,2023-07-18,2023-07-27,-0.2036553524804178,-0.12141553947066468,0.30487096033421046,0.09461512562096186,short,-1,2023-07-18
2023-01 -> 2023-06,2023-07,2023-07-18,2023-07-27,-0.185064935064935,0.3804946646903269,0.30487096033421046,0.09461512562096186,long,1,2023-07-18
2023-01 -> 2023-06,2023-07,2023-07-18,2023-07-27,-0.0194174757281553,-0.21286265171259056,0.30487096033421046,0.09461512562096186,short,-1,2023-07-18
2023-01 -> 2023-06,2023-07,2023-07-18,2023-07-27,-0.4254143646408841,0.5253501293789739,0.30487096033421046,0.09461512562096186,long,1,2023-07-18
2023-01 -> 2023-06,2023-07,2023-07-19,2023-07-28,-0.0598205383848456,-0.2052010996570486,0.30487096033421046,0.09461512562096186,short,-1,2023-07-19
2023-01 -> 2023-06,2023-07,2023-07-19,2023-07-28,-0.106060606060606,-0.15153727544722564,0.30487096033421046,0.09461512562096186,short,-1,2023-07-19
2023-01 -> 2023-06,2023-07,2023-07-19,2023-07-28,-0.2435567010309278,-0.09732055323012077,0.30487096033421046,0.09461512562096186,short,-1,2023-07-19
2023-01 -> 2023-06,2023-07,2023-07-19,2023-07-28,0.366412213740458,0.33052255887899606,0.30487096033421046,0.09461512562096186,long,1,2023-07-19
2023-01 -> 2023-06,2023-07,2023-07-19,2023-07-28,-0.1361867704280157,-0.1609438757546214,0.30487096033421046,0.09461512562096186,short,-1,2023-07-19
2023-01 -> 2023-06,2023-07,2023-07-19,2023-07-28,-0.1447368421052631,-0.14593123042312303,0.30487096033421046,0.09461512562096186,short,-1,2023-07-19
2023-01 -> 2023-06,2023-07,2023-07-19,2023-07-28,-0.1560283687943262,-0.14204902400589423,0.30487096033421046,0.09461512562096186,short,-1,2023-07-19
2023-01 -> 2023-06,2023-07,2023-07-20,2023-07-31,-0.277490774907749,0.4782291750121998,0.30487096033421046,0.09461512562096186,long,1,2023-07-20
2023-01 -> 2023-06,2023-07,2023-07-20,2023-07-31,-0.121031746031746,-0.28274867346075727,0.30487096033421046,0.09461512562096186,short,-1,2023-07-20
2023-01 -> 2023-06,2023-07,2023-07-20,2023-07-31,-0.0665399239543725,-0.12185979430261162,0.30487096033421046,0.09461512562096186,short,-1,2023-07-20
2023-01 -> 2023-06,2023-07,2023-07-20,2023-07-31,-0.1411483253588516,-0.19007810650508603,0.30487096033421046,0.09461512562096186,short,-1,2023-07-20
2023-01 -> 2023-06,2023-07,2023-07-20,2023-07-31,-0.0727969348659004,-0.2258947286915432,0.30487096033421046,0.09461512562096186,short,-1,2023-07-20
2023-01 -> 2023-06,2023-07,2023-07-20,2023-07-31,-0.2353603603603602,-0.17389340091040872,0.30487096033421046,0.09461512562096186,short,-1,2023-07-20
2023-01 -> 2023-06,2023-07,2023-07-20,2023-07-31,-0.1306306306306305,-0.2440254977369104,0.30487096033421046,0.09461512562096186,short,-1,2023-07-20
2023-01 -> 2023-06,2023-07,2023-07-21,2023-08-01,0.0099999999999999,-0.12996031346286321,0.30487096033421046,0.09461512562096186,short,-1,2023-07-21
2023-01 -> 2023-06,2023-07,2023-07-21,2023-08-01,0.5616666666666665,-0.1265480987147788,0.30487096033421046,0.09461512562096186,short,-1,2023-07-21
2023-01 -> 2023-06,2023-07,2023-07-21,2023-08-01,-0.2220353238015138,-0.12012998216607453,0.30487096033421046,0.09461512562096186,short,-1,2023-07-21
2023-01 -> 2023-06,2023-07,2023-07-21,2023-08-01,-0.0439223697650663,-0.21618805371905087,0.30487096033421046,0.09461512562096186,short,-1,2023-07-21
2023-01 -> 2023-06,2023-07,2023-07-21,2023-08-01,-0.052325581395349,-0.1425127144191301,0.30487096033421046,0.09461512562096186,short,-1,2023-07-21
2023-01 -> 2023-06,2023-07,2023-07-21,2023-08-01,-0.0034063260340629,-0.2297097266901654,0.30487096033421046,0.09461512562096186,short,-1,2023-07-21
2023-01 -> 2023-06,2023-07,2023-07-21,2023-08-01,-0.1014492753623188,-0.21509755370877912,0.30487096033421046,0.09461512562096186,short,-1,2023-07-21
2023-01 -> 2023-06,2023-07,2023-07-21,2023-08-01,-0.0787401574803149,-0.140757553127465,0.30487096033421046,0.09461512562096186,short,-1,2023-07-21
2023-01 -> 2023-06,2023-07,2023-07-21,2023-08-01,0.3345945945945944,-0.13938152753739516,0.30487096033421046,0.09461512562096186,short,-1,2023-07-21
2023-01 -> 2023-06,2023-07,2023-07-21,2023-08-01,-0.2340425531914893,-0.1486237322773904,0.30487096033421046,0.09461512562096186,short,-1,2023-07-21
2023-01 -> 2023-06,2023-07,2023-07-21,2023-08-01,-0.1802631578947367,-0.13222757329051943,0.30487096033421046,0.09461512562096186,short,-1,2023-07-21
2023-01 -> 2023-06,2023-07,2023-07-21,2023-08-01,-0.1461988304093568,-0.1304883844258502,0.30487096033421046,0.09461512562096186,short,-1,2023-07-21
2023-01 -> 2023-06,2023-07,2023-07-21,2023-08-01,0.3099744245524298,-0.10552384295323475,0.30487096033421046,0.09461512562096186,short,-1,2023-07-21
2023-01 -> 2023-06,2023-07,2023-07-21,2023-08-01,-0.19,-0.10987273292417887,0.30487096033421046,0.09461512562096186,short,-1,2023-07-21
2023-01 -> 2023-06,2023-07,2023-07-21,2023-08-01,-0.2465753424657534,-0.15262740242714626,0.30487096033421046,0.09461512562096186,short,-1,2023-07-21
2023-01 -> 2023-06,2023-07,2023-07-24,2023-08-02,-0.0144578313253012,-0.19108977000659766,0.30487096033421046,0.09461512562096186,short,-1,2023-07-24
2023-01 -> 2023-06,2023-07,2023-07-24,2023-08-02,-0.0413548641197321,0.43546459563206963,0.30487096033421046,0.09461512562096186,long,1,2023-07-24
2023-01 -> 2023-06,2023-07,2023-07-24,2023-08-02,-0.0833333333333333,-0.10759673119796542,0.30487096033421046,0.09461512562096186,short,-1,2023-07-24
2023-01 -> 2023-06,2023-07,2023-07-24,2023-08-02,0.2815999999999999,-0.12737144947137166,0.30487096033421046,0.09461512562096186,short,-1,2023-07-24
2023-01 -> 2023-06,2023-07,2023-07-24,2023-08-02,-0.1064748201438848,0.5868105277100837,0.30487096033421046,0.09461512562096186,long,1,2023-07-24
2023-01 -> 2023-06,2023-07,2023-07-25,2023-08-03,0.0195121951219511,-0.1336608080375824,0.30487096033421046,0.09461512562096186,short,-1,2023-07-25
2023-01 -> 2023-06,2023-07,2023-07-25,2023-08-03,0.20414673046252,-0.2575645203545894,0.30487096033421046,0.09461512562096186,short,-1,2023-07-25
2023-01 -> 2023-06,2023-07,2023-07-25,2023-08-03,-0.0792496171516081,0.32801666165465004,0.30487096033421046,0.09461512562096186,long,1,2023-07-25
2023-01 -> 2023-06,2023-07,2023-07-25,2023-08-03,0.8925000000000001,-0.1278212696918226,0.30487096033421046,0.09461512562096186,short,-1,2023-07-25
2023-01 -> 2023-06,2023-07,2023-07-25,2023-08-03,-0.2507042253521126,-0.13611464846238244,0.30487096033421046,0.09461512562096186,short,-1,2023-07-25
2023-01 -> 2023-06,2023-07,2023-07-26,2023-08-04,-0.224669603524229,0.37638951042895746,0.30487096033421046,0.09461512562096186,long,1,2023-07-26
2023-01 -> 2023-06,2023-07,2023-07-26,2023-08-04,-0.1229611041405269,-0.18678807702350678,0.30487096033421046,0.09461512562096186,short,-1,2023-07-26
2023-01 -> 2023-06,2023-07,2023-07-26,2023-08-04,-0.0106241699867197,-0.1194031362302509,0.30487096033421046,0.09461512562096186,short,-1,2023-07-26
2023-01 -> 2023-06,2023-07,2023-07-26,2023-08-04,0.1400329489291597,-0.29483260352216745,0.30487096033421046,0.09461512562096186,short,-1,2023-07-26
2023-01 -> 2023-06,2023-07,2023-07-26,2023-08-04,-0.2017114914425427,-0.17043687373877683,0.30487096033421046,0.09461512562096186,short,-1,2023-07-26
2023-01 -> 2023-06,2023-07,2023-07-26,2023-08-04,-0.3825174825174824,0.3399719148380072,0.30487096033421046,0.09461512562096186,long,1,2023-07-26
2023-01 -> 2023-06,2023-07,2023-07-26,2023-08-04,-0.1648183556405354,-0.15353424515439534,0.30487096033421046,0.09461512562096186,short,-1,2023-07-26
2023-01 -> 2023-06,2023-07,2023-07-27,2023-08-07,-0.2398921832884095,-0.10866076954627743,0.30487096033421046,0.09461512562096186,short,-1,2023-07-27
2023-01 -> 2023-06,2023-07,2023-07-27,2023-08-07,-0.0694864048338368,-0.12030790907404824,0.30487096033421046,0.09461512562096186,short,-1,2023-07-27
2023-01 -> 2023-06,2023-07,2023-07-27,2023-08-07,-0.2264150943396227,-0.12161869999056238,0.30487096033421046,0.09461512562096186,short,-1,2023-07-27
2023-01 -> 2023-06,2023-07,2023-07-27,2023-08-07,0.6246305418719212,-0.1793610990073735,0.30487096033421046,0.09461512562096186,short,-1,2023-07-27
2023-01 -> 2023-06,2023-07,2023-07-27,2023-08-07,0.3084745762711864,-0.10579925936770714,0.30487096033421046,0.09461512562096186,short,-1,2023-07-27
2023-01 -> 2023-06,2023-07,2023-07-27,2023-08-07,0.1438127090301002,-0.24446764269052534,0.30487096033421046,0.09461512562096186,short,-1,2023-07-27
2023-01 -> 2023-06,2023-07,2023-07-27,2023-08-07,-0.421636615811373,-0.09673422921768637,0.30487096033421046,0.09461512562096186,short,-1,2023-07-27
2023-01 -> 2023-06,2023-07,2023-07-28,2023-08-08,-0.0568285976168653,-0.1850136481505074,0.30487096033421046,0.09461512562096186,short,-1,2023-07-28
2023-01 -> 2023-06,2023-07,2023-07-28,2023-08-08,-0.0416666666666665,0.37534013422645435,0.30487096033421046,0.09461512562096186,long,1,2023-07-28
2023-01 -> 2023-06,2023-07,2023-07-28,2023-08-08,0.0429394812680113,-0.18916958859494207,0.30487096033421046,0.09461512562096186,short,-1,2023-07-28
2023-01 -> 2023-06,2023-07,2023-07-28,2023-08-08,-0.0653144016227178,-0.1381622506015104,0.30487096033421046,0.09461512562096186,short,-1,2023-07-28
2023-01 -> 2023-06,2023-07,2023-07-28,2023-08-08,-0.2535460992907802,-0.12709570534541245,0.30487096033421046,0.09461512562096186,short,-1,2023-07-28
2023-01 -> 2023-06,2023-07,2023-07-28,2023-08-08,0.4482598607888633,-0.2329629829846752,0.30487096033421046,0.09461512562096186,short,-1,2023-07-28
2023-01 -> 2023-06,2023-07,2023-07-28,2023-08-08,0.5625316455696202,-0.16539509422857898,0.30487096033421046,0.09461512562096186,short,-1,2023-07-28
2023-01 -> 2023-06,2023-07,2023-07-28,2023-08-08,-0.013036809815951,0.4066126159068792,0.30487096033421046,0.09461512562096186,long,1,2023-07-28
2023-01 -> 2023-06,2023-07,2023-07-31,2023-08-09,-0.2443548387096772,-0.14092783548784826,0.30487096033421046,0.09461512562096186,short,-1,2023-07-31
2023-01 -> 2023-06,2023-07,2023-07-31,2023-08-09,0.6023148148148146,-0.1768599659024115,0.30487096033421046,0.09461512562096186,short,-1,2023-07-31
2023-01 -> 2023-07,2023-08,2023-08-01,2023-08-10,-0.0173102529960052,-0.023431271026515176,0.35319353576608525,0.012179087440209835,short,-1,2023-08-01
2023-01 -> 2023-07,2023-08,2023-08-01,2023-08-10,0.647398843930636,-0.1398703044106548,0.35319353576608525,0.012179087440209835,short,-1,2023-08-01
2023-01 -> 2023-07,2023-08,2023-08-01,2023-08-10,0.0604001510003775,-0.12511604476314767,0.35319353576608525,0.012179087440209835,short,-1,2023-08-01
2023-01 -> 2023-07,2023-08,2023-08-01,2023-08-10,-0.1835341365461846,-0.10778476411412866,0.35319353576608525,0.012179087440209835,short,-1,2023-08-01
2023-01 -> 2023-07,2023-08,2023-08-01,2023-08-10,0.220125786163522,0.6616992220542661,0.35319353576608525,0.012179087440209835,long,1,2023-08-01
2023-01 -> 2023-07,2023-08,2023-08-01,2023-08-10,-0.0992438563327033,-0.03188831553370367,0.35319353576608525,0.012179087440209835,short,-1,2023-08-01
2023-01 -> 2023-07,2023-08,2023-08-01,2023-08-10,0.0475206611570247,-0.10571293335324375,0.35319353576608525,0.012179087440209835,short,-1,2023-08-01
2023-01 -> 2023-07,2023-08,2023-08-02,2023-08-11,-0.1004098360655737,-0.12800692626161403,0.35319353576608525,0.012179087440209835,short,-1,2023-08-02
2023-01 -> 2023-07,2023-08,2023-08-02,2023-08-11,-0.2643044619422572,-0.06203134183104807,0.35319353576608525,0.012179087440209835,short,-1,2023-08-02
2023-01 -> 2023-07,2023-08,2023-08-02,2023-08-11,-0.0398437499999999,-0.1057166578168619,0.35319353576608525,0.012179087440209835,short,-1,2023-08-02
2023-01 -> 2023-07,2023-08,2023-08-02,2023-08-11,0.5963718820861681,-0.12314193568303794,0.35319353576608525,0.012179087440209835,short,-1,2023-08-02
2023-01 -> 2023-07,2023-08,2023-08-02,2023-08-11,0.022801302931596,0.5476176737204159,0.35319353576608525,0.012179087440209835,long,1,2023-08-02
2023-01 -> 2023-07,2023-08,2023-08-03,2023-08-14,-0.184245660881175,-0.2331033466939291,0.35319353576608525,0.012179087440209835,short,-1,2023-08-03
2023-01 -> 2023-07,2023-08,2023-08-03,2023-08-14,0.0551724137931034,0.5607202872928431,0.35319353576608525,0.012179087440209835,long,1,2023-08-03
2023-01 -> 2023-07,2023-08,2023-08-03,2023-08-14,-0.1775700934579439,-0.0763378810158314,0.35319353576608525,0.012179087440209835,short,-1,2023-08-03
2023-01 -> 2023-07,2023-08,2023-08-03,2023-08-14,0.0312,-0.09021782745425606,0.35319353576608525,0.012179087440209835,short,-1,2023-08-03
2023-01 -> 2023-07,2023-08,2023-08-03,2023-08-14,-0.0400871459694989,-0.06269873850348867,0.35319353576608525,0.012179087440209835,short,-1,2023-08-03
2023-01 -> 2023-07,2023-08,2023-08-03,2023-08-14,-0.2362924281984335,-0.07932136083078778,0.35319353576608525,0.012179087440209835,short,-1,2023-08-03
2023-01 -> 2023-07,2023-08,2023-08-03,2023-08-14,-0.0830367734282326,-0.12213933848485552,0.35319353576608525,0.012179087440209835,short,-1,2023-08-03
2023-01 -> 2023-07,2023-08,2023-08-03,2023-08-14,-0.2017543859649123,-0.02969819171748861,0.35319353576608525,0.012179087440209835,short,-1,2023-08-03
2023-01 -> 2023-07,2023-08,2023-08-03,2023-08-14,-0.222113022113022,-0.08822334026679526,0.35319353576608525,0.012179087440209835,short,-1,2023-08-03
2023-01 -> 2023-07,2023-08,2023-08-04,2023-08-15,0.1455938697318007,-0.1407152340746497,0.35319353576608525,0.012179087440209835,short,-1,2023-08-04
2023-01 -> 2023-07,2023-08,2023-08-04,2023-08-15,-0.1914786967418546,-0.026267908076695694,0.35319353576608525,0.012179087440209835,short,-1,2023-08-04
2023-01 -> 2023-07,2023-08,2023-08-04,2023-08-15,0.0871794871794873,-0.0819452860659966,0.35319353576608525,0.012179087440209835,short,-1,2023-08-04
2023-01 -> 2023-07,2023-08,2023-08-04,2023-08-15,-0.0457647531112002,-0.18084028812693004,0.35319353576608525,0.012179087440209835,short,-1,2023-08-04
2023-01 -> 2023-07,2023-08,2023-08-04,2023-08-15,-0.188365650969529,-0.12186606234461689,0.35319353576608525,0.012179087440209835,short,-1,2023-08-04
2023-01 -> 2023-07,2023-08,2023-08-04,2023-08-15,-0.1985472154963681,-0.06683319182361876,0.35319353576608525,0.012179087440209835,short,-1,2023-08-04
2023-01 -> 2023-07,2023-08,2023-08-04,2023-08-15,-0.2218085106382978,-0.11203488944495862,0.35319353576608525,0.012179087440209835,short,-1,2023-08-04
2023-01 -> 2023-07,2023-08,2023-08-04,2023-08-15,-0.1253101736972704,-0.07746187254273044,0.35319353576608525,0.012179087440209835,short,-1,2023-08-04
2023-01 -> 2023-07,2023-08,2023-08-04,2023-08-15,-0.1378854625550661,-0.1136214682956163,0.35319353576608525,0.012179087440209835,short,-1,2023-08-04
2023-01 -> 2023-07,2023-08,2023-08-04,2023-08-15,-0.1348773841961853,-0.023645383418612782,0.35319353576608525,0.012179087440209835,short,-1,2023-08-04
2023-01 -> 2023-07,2023-08,2023-08-04,2023-08-15,0.0081595648232094,-0.12853331335592616,0.35319353576608525,0.012179087440209835,short,-1,2023-08-04
2023-01 -> 2023-07,2023-08,2023-08-04,2023-08-15,-0.1430635838150289,-0.20836006356397302,0.35319353576608525,0.012179087440209835,short,-1,2023-08-04
2023-01 -> 2023-07,2023-08,2023-08-04,2023-08-15,-0.2898630136986301,-0.02041474733316975,0.35319353576608525,0.012179087440209835,short,-1,2023-08-04
2023-01 -> 2023-07,2023-08,2023-08-04,2023-08-15,-0.2633416458852867,-0.030232375873909444,0.35319353576608525,0.012179087440209835,short,-1,2023-08-04
2023-01 -> 2023-07,2023-08,2023-08-07,2023-08-16,-0.0679999999999999,-0.01864426349941889,0.35319353576608525,0.012179087440209835,short,-1,2023-08-07
2023-01 -> 2023-07,2023-08,2023-08-07,2023-08-16,-0.1783333333333333,-0.1164043973904531,0.35319353576608525,0.012179087440209835,short,-1,2023-08-07
2023-01 -> 2023-07,2023-08,2023-08-07,2023-08-16,-0.0445269016697588,0.4088305407822085,0.35319353576608525,0.012179087440209835,long,1,2023-08-07
2023-01 -> 2023-07,2023-08,2023-08-08,2023-08-17,0.0777576853526221,-0.09696634937229974,0.35319353576608525,0.012179087440209835,short,-1,2023-08-08
2023-01 -> 2023-07,2023-08,2023-08-08,2023-08-17,0.315909090909091,-0.04241530497736531,0.35319353576608525,0.012179087440209835,short,-1,2023-08-08
2023-01 -> 2023-07,2023-08,2023-08-08,2023-08-17,-0.0439306358381502,-0.10115458114649425,0.35319353576608525,0.012179087440209835,short,-1,2023-08-08
2023-01 -> 2023-07,2023-08,2023-08-08,2023-08-17,0.2083333333333334,0.5269522770939715,0.35319353576608525,0.012179087440209835,long,1,2023-08-08
2023-01 -> 2023-07,2023-08,2023-08-08,2023-08-17,0.2956777996070728,-0.045497656155255944,0.35319353576608525,0.012179087440209835,short,-1,2023-08-08
2023-01 -> 2023-07,2023-08,2023-08-08,2023-08-17,-0.0884507042253521,-0.1389121341737767,0.35319353576608525,0.012179087440209835,short,-1,2023-08-08
2023-01 -> 2023-07,2023-08,2023-08-08,2023-08-17,0.2747474747474748,0.6502413246890455,0.35319353576608525,0.012179087440209835,long,1,2023-08-08
2023-01 -> 2023-07,2023-08,2023-08-09,2023-08-18,-0.1022988505747126,-0.11643796813990241,0.35319353576608525,0.012179087440209835,short,-1,2023-08-09
2023-01 -> 2023-07,2023-08,2023-08-09,2023-08-18,-0.1986842105263157,-0.01863045948501526,0.35319353576608525,0.012179087440209835,short,-1,2023-08-09
2023-01 -> 2023-07,2023-08,2023-08-09,2023-08-18,-0.0750988142292491,0.5560191684591861,0.35319353576608525,0.012179087440209835,long,1,2023-08-09
2023-01 -> 2023-07,2023-08,2023-08-09,2023-08-18,-0.1493392070484581,-0.055750960238965336,0.35319353576608525,0.012179087440209835,short,-1,2023-08-09
2023-01 -> 2023-07,2023-08,2023-08-10,2023-08-21,-0.0848356309650053,-0.08527368605977602,0.35319353576608525,0.012179087440209835,short,-1,2023-08-10
2023-01 -> 2023-07,2023-08,2023-08-10,2023-08-21,-0.2114457831325302,-0.18714883496081045,0.35319353576608525,0.012179087440209835,short,-1,2023-08-10
2023-01 -> 2023-07,2023-08,2023-08-10,2023-08-21,-0.1954022988505747,-0.05483521926542521,0.35319353576608525,0.012179087440209835,short,-1,2023-08-10
2023-01 -> 2023-07,2023-08,2023-08-11,2023-08-22,0.1948608137044968,-0.11567678179368245,0.35319353576608525,0.012179087440209835,short,-1,2023-08-11
2023-01 -> 2023-07,2023-08,2023-08-11,2023-08-22,-0.0071736011477762,-0.048006784452423144,0.35319353576608525,0.012179087440209835,short,-1,2023-08-11
2023-01 -> 2023-07,2023-08,2023-08-11,2023-08-22,-0.1206675224646983,-0.12609984264844581,0.35319353576608525,0.012179087440209835,short,-1,2023-08-11
2023-01 -> 2023-07,2023-08,2023-08-11,2023-08-22,-0.1523031203566122,-0.051597022573716955,0.35319353576608525,0.012179087440209835,short,-1,2023-08-11
2023-01 -> 2023-07,2023-08,2023-08-11,2023-08-22,-0.1046277665995975,-0.19638894834125822,0.35319353576608525,0.012179087440209835,short,-1,2023-08-11
2023-01 -> 2023-07,2023-08,2023-08-11,2023-08-22,0.2173557101923862,-0.12900367320671477,0.35319353576608525,0.012179087440209835,short,-1,2023-08-11
2023-01 -> 2023-07,2023-08,2023-08-11,2023-08-22,-0.0878378378378377,-0.08315562814873051,0.35319353576608525,0.012179087440209835,short,-1,2023-08-11
2023-01 -> 2023-07,2023-08,2023-08-11,2023-08-22,-0.1199095022624435,-0.06192968626691889,0.35319353576608525,0.012179087440209835,short,-1,2023-08-11
2023-01 -> 2023-07,2023-08,2023-08-11,2023-08-22,-0.0607734806629834,-0.0705842989464406,0.35319353576608525,0.012179087440209835,short,-1,2023-08-11
2023-01 -> 2023-07,2023-08,2023-08-11,2023-08-22,0.2625298329355605,-0.11376191226714767,0.35319353576608525,0.012179087440209835,short,-1,2023-08-11
2023-01 -> 2023-07,2023-08,2023-08-11,2023-08-22,0.4581196581196581,-0.10599836669006373,0.35319353576608525,0.012179087440209835,short,-1,2023-08-11
2023-01 -> 2023-07,2023-08,2023-08-11,2023-08-22,-0.0438144329896906,-0.08143019358968095,0.35319353576608525,0.012179087440209835,short,-1,2023-08-11
2023-01 -> 2023-07,2023-08,2023-08-11,2023-08-22,-0.0782608695652174,-0.18233853223601365,0.35319353576608525,0.012179087440209835,short,-1,2023-08-11
2023-01 -> 2023-07,2023-08,2023-08-11,2023-08-22,-0.1498591549295774,-0.0463802051570037,0.35319353576608525,0.012179087440209835,short,-1,2023-08-11
2023-01 -> 2023-07,2023-08,2023-08-11,2023-08-22,-0.2135922330097086,-0.020208303141256226,0.35319353576608525,0.012179087440209835,short,-1,2023-08-11
2023-01 -> 2023-07,2023-08,2023-08-11,2023-08-22,0.0626262626262625,-0.0675416463303236,0.35319353576608525,0.012179087440209835,short,-1,2023-08-11
2023-01 -> 2023-07,2023-08,2023-08-14,2023-08-23,-0.1047120418848167,-0.01842122678178581,0.35319353576608525,0.012179087440209835,short,-1,2023-08-14
2023-01 -> 2023-07,2023-08,2023-08-14,2023-08-23,0.1730474732006125,-0.014869840417741113,0.35319353576608525,0.012179087440209835,short,-1,2023-08-14
2023-01 -> 2023-07,2023-08,2023-08-14,2023-08-23,-0.0531757754800591,-0.01654981294230786,0.35319353576608525,0.012179087440209835,short,-1,2023-08-14
2023-01 -> 2023-07,2023-08,2023-08-14,2023-08-23,0.1844444444444444,-0.07970217457799293,0.35319353576608525,0.012179087440209835,short,-1,2023-08-14
2023-01 -> 2023-07,2023-08,2023-08-14,2023-08-23,-0.1044083526682133,-0.04665724090268601,0.35319353576608525,0.012179087440209835,short,-1,2023-08-14
2023-01 -> 2023-07,2023-08,2023-08-14,2023-08-23,0.065934065934066,-0.09707871330153404,0.35319353576608525,0.012179087440209835,short,-1,2023-08-14
2023-01 -> 2023-07,2023-08,2023-08-14,2023-08-23,-0.0796178343949043,0.5109228139334999,0.35319353576608525,0.012179087440209835,long,1,2023-08-14
2023-01 -> 2023-07,2023-08,2023-08-14,2023-08-23,-0.1220839813374804,-0.07843143357609748,0.35319353576608525,0.012179087440209835,short,-1,2023-08-14
2023-01 -> 2023-07,2023-08,2023-08-14,2023-08-23,-0.2170818505338078,-0.018214035550089325,0.35319353576608525,0.012179087440209835,short,-1,2023-08-14
2023-01 -> 2023-07,2023-08,2023-08-14,2023-08-23,-0.1027749229188077,-0.15753944099643716,0.35319353576608525,0.012179087440209835,short,-1,2023-08-14
2023-01 -> 2023-07,2023-08,2023-08-14,2023-08-23,-0.0558659217877095,-0.03783260543992651,0.35319353576608525,0.012179087440209835,short,-1,2023-08-14
2023-01 -> 2023-07,2023-08,2023-08-15,2023-08-24,-0.1428571428571428,-0.055252927709999476,0.35319353576608525,0.012179087440209835,short,-1,2023-08-15
2023-01 -> 2023-07,2023-08,2023-08-15,2023-08-24,-0.2558226897069872,-0.11438137462241717,0.35319353576608525,0.012179087440209835,short,-1,2023-08-15
2023-01 -> 2023-07,2023-08,2023-08-15,2023-08-24,0.0077170418006431,-0.15320062291035338,0.35319353576608525,0.012179087440209835,short,-1,2023-08-15
2023-01 -> 2023-07,2023-08,2023-08-15,2023-08-24,0.0122249388753057,-0.15914714308807648,0.35319353576608525,0.012179087440209835,short,-1,2023-08-15
2023-01 -> 2023-07,2023-08,2023-08-15,2023-08-24,0.2818336162988114,-0.060887817050444965,0.35319353576608525,0.012179087440209835,short,-1,2023-08-15
2023-01 -> 2023-07,2023-08,2023-08-15,2023-08-24,-0.0850840336134453,-0.09172568806203843,0.35319353576608525,0.012179087440209835,short,-1,2023-08-15
2023-01 -> 2023-07,2023-08,2023-08-15,2023-08-24,0.0830258302583026,-0.08036570655435031,0.35319353576608525,0.012179087440209835,short,-1,2023-08-15
2023-01 -> 2023-07,2023-08,2023-08-15,2023-08-24,-0.1413043478260868,-0.077840663116074,0.35319353576608525,0.012179087440209835,short,-1,2023-08-15
2023-01 -> 2023-07,2023-08,2023-08-15,2023-08-24,-0.1370716510903426,0.43941778116307506,0.35319353576608525,0.012179087440209835,long,1,2023-08-15
2023-01 -> 2023-07,2023-08,2023-08-16,2023-08-25,-0.3477932855526218,-0.20770446148127633,0.35319353576608525,0.012179087440209835,short,-1,2023-08-16
2023-01 -> 2023-07,2023-08,2023-08-16,2023-08-25,-0.2021857923497268,-0.0705761670061781,0.35319353576608525,0.012179087440209835,short,-1,2023-08-16
2023-01 -> 2023-07,2023-08,2023-08-16,2023-08-25,-0.2116402116402115,-0.014059540390058741,0.35319353576608525,0.012179087440209835,short,-1,2023-08-16
2023-01 -> 2023-07,2023-08,2023-08-17,2023-08-28,-0.2149122807017544,-0.08311095480862402,0.35319353576608525,0.012179087440209835,short,-1,2023-08-17
2023-01 -> 2023-07,2023-08,2023-08-17,2023-08-28,-0.0328445747800587,-0.11572547577718878,0.35319353576608525,0.012179087440209835,short,-1,2023-08-17
2023-01 -> 2023-07,2023-08,2023-08-17,2023-08-28,-0.2958830319353597,-0.22759976597018905,0.35319353576608525,0.012179087440209835,short,-1,2023-08-17
2023-01 -> 2023-07,2023-08,2023-08-17,2023-08-28,0.1249169435215946,-0.13558167943219437,0.35319353576608525,0.012179087440209835,short,-1,2023-08-17
2023-01 -> 2023-07,2023-08,2023-08-17,2023-08-28,-0.2612826603325414,-0.10938326420685968,0.35319353576608525,0.012179087440209835,short,-1,2023-08-17
2023-01 -> 2023-07,2023-08,2023-08-17,2023-08-28,-0.0902439024390243,-0.10671380708635964,0.35319353576608525,0.012179087440209835,short,-1,2023-08-17
2023-01 -> 2023-07,2023-08,2023-08-17,2023-08-28,-0.2765957446808512,-0.0785951240671088,0.35319353576608525,0.012179087440209835,short,-1,2023-08-17
2023-01 -> 2023-07,2023-08,2023-08-17,2023-08-28,-0.2419753086419753,0.3549599801125668,0.35319353576608525,0.012179087440209835,long,1,2023-08-17
2023-01 -> 2023-07,2023-08,2023-08-18,2023-08-29,-0.097972972972973,-0.11229399771247135,0.35319353576608525,0.012179087440209835,short,-1,2023-08-18
2023-01 -> 2023-07,2023-08,2023-08-18,2023-08-29,0.2846846846846846,-0.018487754321291426,0.35319353576608525,0.012179087440209835,short,-1,2023-08-18
2023-01 -> 2023-07,2023-08,2023-08-18,2023-08-29,0.2174603174603174,0.37160781003794985,0.35319353576608525,0.012179087440209835,long,1,2023-08-18
2023-01 -> 2023-07,2023-08,2023-08-18,2023-08-29,-0.2105263157894736,-0.03661578002634956,0.35319353576608525,0.012179087440209835,short,-1,2023-08-18
2023-01 -> 2023-07,2023-08,2023-08-18,2023-08-29,0.0883445945945946,-0.0932947203223748,0.35319353576608525,0.012179087440209835,short,-1,2023-08-18
2023-01 -> 2023-07,2023-08,2023-08-18,2023-08-29,0.7892323030907277,-0.09335921668884897,0.35319353576608525,0.012179087440209835,short,-1,2023-08-18
2023-01 -> 2023-07,2023-08,2023-08-18,2023-08-29,0.9595050618672668,-0.06609004257331033,0.35319353576608525,0.012179087440209835,short,-1,2023-08-18
2023-01 -> 2023-07,2023-08,2023-08-18,2023-08-29,-0.0715363239380705,-0.20662569388264151,0.35319353576608525,0.012179087440209835,short,-1,2023-08-18
2023-01 -> 2023-07,2023-08,2023-08-18,2023-08-29,-0.3297872340425531,-0.15680339396811754,0.35319353576608525,0.012179087440209835,short,-1,2023-08-18
2023-01 -> 2023-07,2023-08,2023-08-18,2023-08-29,-0.2896174863387978,-0.09796801316554708,0.35319353576608525,0.012179087440209835,short,-1,2023-08-18
2023-01 -> 2023-07,2023-08,2023-08-18,2023-08-29,0.2124248496993987,-0.14518990389201455,0.35319353576608525,0.012179087440209835,short,-1,2023-08-18
2023-01 -> 2023-07,2023-08,2023-08-18,2023-08-29,-0.1802469135802468,-0.08431776278901368,0.35319353576608525,0.012179087440209835,short,-1,2023-08-18
2023-01 -> 2023-07,2023-08,2023-08-18,2023-08-29,-0.0305084745762711,-0.03284493180703915,0.35319353576608525,0.012179087440209835,short,-1,2023-08-18
2023-01 -> 2023-07,2023-08,2023-08-18,2023-08-29,-0.2434999999999999,-0.01705264328437945,0.35319353576608525,0.012179087440209835,short,-1,2023-08-18
2023-01 -> 2023-07,2023-08,2023-08-21,2023-08-30,-0.2661498708010336,-0.039586079138583474,0.35319353576608525,0.012179087440209835,short,-1,2023-08-21
2023-01 -> 2023-07,2023-08,2023-08-21,2023-08-30,-0.2466960352422908,-0.04516058307336666,0.35319353576608525,0.012179087440209835,short,-1,2023-08-21
2023-01 -> 2023-07,2023-08,2023-08-21,2023-08-30,-0.0447761194029847,-0.037376555140868,0.35319353576608525,0.012179087440209835,short,-1,2023-08-21
2023-01 -> 2023-07,2023-08,2023-08-21,2023-08-30,0.6011173184357543,0.38182229961964753,0.35319353576608525,0.012179087440209835,long,1,2023-08-21
2023-01 -> 2023-07,2023-08,2023-08-21,2023-08-30,-0.2631578947368421,-0.019185072695824833,0.35319353576608525,0.012179087440209835,short,-1,2023-08-21
2023-01 -> 2023-07,2023-08,2023-08-21,2023-08-30,-0.2553763440860215,-0.07363075757232308,0.35319353576608525,0.012179087440209835,short,-1,2023-08-21
2023-01 -> 2023-07,2023-08,2023-08-22,2023-08-31,0.1044776119402984,-0.23349027204614364,0.35319353576608525,0.012179087440209835,short,-1,2023-08-22
2023-01 -> 2023-07,2023-08,2023-08-22,2023-08-31,-0.2727272727272728,-0.16004870945605426,0.35319353576608525,0.012179087440209835,short,-1,2023-08-22
2023-01 -> 2023-07,2023-08,2023-08-22,2023-08-31,0.5596774193548387,0.40736780584751286,0.35319353576608525,0.012179087440209835,long,1,2023-08-22
2023-01 -> 2023-07,2023-08,2023-08-22,2023-08-31,-0.276738439816449,-0.029404209337269442,0.35319353576608525,0.012179087440209835,short,-1,2023-08-22
2023-01 -> 2023-07,2023-08,2023-08-22,2023-08-31,-0.0803571428571429,-0.11514967338900928,0.35319353576608525,0.012179087440209835,short,-1,2023-08-22
2023-01 -> 2023-07,2023-08,2023-08-22,2023-08-31,0.1573896353166985,-0.03463884211195906,0.35319353576608525,0.012179087440209835,short,-1,2023-08-22
